# Made in Blockbench 5.1.6
mtllib player.mtl

o cylinder
v 0 -0.03125 0
v 0 1.78125 0
v 0.133975 -0.03125 0.5
v 0.133975 1.78125 0.5
v 0.366025 -0.03125 0.366025
v 0.366025 1.78125 0.366025
v 0.5 -0.03125 0.133975
v 0.5 1.78125 0.133975
v 0.5 -0.03125 -0.133975
v 0.5 1.78125 -0.133975
v 0.366025 -0.03125 -0.366025
v 0.366025 1.78125 -0.366025
v 0.133975 -0.03125 -0.5
v 0.133975 1.78125 -0.5
v -0.133975 -0.03125 -0.5
v -0.133975 1.78125 -0.5
v -0.366025 -0.03125 -0.366025
v -0.366025 1.78125 -0.366025
v -0.5 -0.03125 -0.133975
v -0.5 1.78125 -0.133975
v -0.5 -0.03125 0.133975
v -0.5 1.78125 0.133975
v -0.366025 -0.03125 0.366025
v -0.366025 1.78125 0.366025
v -0.133975 -0.03125 0.5
v -0.133975 1.78125 0.5
v 0.549038125 0.875 0.549038125
v 0.200961875 0.875 0.75
v -0.200961875 0.875 0.75
v -0.549038125 0.875 0.549038125
v -0.75 0.875 0.200961875
v -0.75 0.875 -0.200961875
v -0.549038125 0.875 -0.549038125
v -0.200961875 0.875 -0.75
v 0.200961875 0.875 -0.75
v 0.549038125 0.875 -0.549038125
v 0.75 0.875 -0.200961875
v 0.75 0.875 0.200961875
v 0.200961875 1.328125 0.75
v 0.549038125 1.328125 0.549038125
v 0.75 1.328125 0.200961875
v 0.75 1.328125 -0.200961875
v 0.549038125 1.328125 -0.549038125
v 0.200961875 1.328125 -0.75
v -0.200961875 1.328125 -0.75
v -0.549038125 1.328125 -0.549038125
v -0.75 1.328125 -0.200961875
v -0.75 1.328125 0.200961875
v -0.549038125 1.328125 0.549038125
v -0.200961875 1.328125 0.75
v 0.549038125 0.421875 0.549038125
v 0.200961875 0.421875 0.75
v -0.200961875 0.421875 0.75
v -0.549038125 0.421875 0.549038125
v -0.75 0.421875 0.200961875
v -0.75 0.421875 -0.200961875
v -0.549038125 0.421875 -0.549038125
v -0.200961875 0.421875 -0.75
v 0.200961875 0.421875 -0.75
v 0.549038125 0.421875 -0.549038125
v 0.75 0.421875 -0.200961875
v 0.75 0.421875 0.200961875
vt 0.108253125 0.5066906250000001
vt 0.079246875 0.5234375
vt 0.0625 0.4609375
vt 0.4737984375 0.34741953125
vt 0.4737984375 0.40406015625
vt 0.4235578125 0.40406015625
vt 0.4235578125 0.34741953125
vt 0.079246875 0.265625
vt 0.108253125 0.28237187499999994
vt 0.0625 0.328125
vt 0.125 0.47768437500000005
vt 0.108253125 0.5066906250000001
vt 0.0625 0.4609375
vt 0.4592546875 0.87866953125
vt 0.4592546875 0.93531015625
vt 0.4090140625 0.93531015625
vt 0.4090140625 0.87866953125
vt 0.108253125 0.28237187499999994
vt 0.125 0.31137812500000006
vt 0.0625 0.328125
vt 0.125 0.44419062500000006
vt 0.125 0.47768437500000005
vt 0.0625 0.4609375
vt 0.5094953125 0.87866953125
vt 0.5094953125 0.93531015625
vt 0.4592546875 0.93531015625
vt 0.4592546875 0.87866953125
vt 0.125 0.31137812500000006
vt 0.125 0.34487187500000005
vt 0.0625 0.328125
vt 0.108253125 0.41518437499999994
vt 0.125 0.44419062500000006
vt 0.0625 0.4609375
vt 0.5597359375 0.87866953125
vt 0.5597359375 0.93531015625
vt 0.5094953125 0.93531015625
vt 0.5094953125 0.87866953125
vt 0.125 0.34487187500000005
vt 0.108253125 0.37387812499999995
vt 0.0625 0.328125
vt 0.079246875 0.3984375
vt 0.108253125 0.41518437499999994
vt 0.0625 0.4609375
vt 0.2092546875 0.42554453125
vt 0.2092546875 0.48218515625
vt 0.1590140625 0.48218515625
vt 0.1590140625 0.42554453125
vt 0.108253125 0.37387812499999995
vt 0.079246875 0.390625
vt 0.0625 0.328125
vt 0.045753125 0.3984375
vt 0.079246875 0.3984375
vt 0.0625 0.4609375
vt 0.2594953125 0.42554453125
vt 0.2594953125 0.48218515625
vt 0.2092546875 0.48218515625
vt 0.2092546875 0.42554453125
vt 0.079246875 0.390625
vt 0.045753125 0.390625
vt 0.0625 0.328125
vt 0.016746875 0.41518437499999994
vt 0.045753125 0.3984375
vt 0.0625 0.4609375
vt 0.3097359375 0.42554453125
vt 0.3097359375 0.48218515625
vt 0.2594953125 0.48218515625
vt 0.2594953125 0.42554453125
vt 0.045753125 0.390625
vt 0.016746875 0.37387812499999995
vt 0.0625 0.328125
vt 0 0.44419062500000006
vt 0.016746875 0.41518437499999994
vt 0.0625 0.4609375
vt 0.5530046875 0.39429453125
vt 0.5530046875 0.45093515625
vt 0.5027640625 0.45093515625
vt 0.5027640625 0.39429453125
vt 0.016746875 0.37387812499999995
vt 0 0.34487187500000005
vt 0.0625 0.328125
vt 0 0.47768437500000005
vt 0 0.44419062500000006
vt 0.0625 0.4609375
vt 0.6032453125 0.39429453125
vt 0.6032453125 0.45093515625
vt 0.5530046875 0.45093515625
vt 0.5530046875 0.39429453125
vt 0 0.34487187500000005
vt 0 0.31137812500000006
vt 0.0625 0.328125
vt 0.016746875 0.5066906250000001
vt 0 0.47768437500000005
vt 0.0625 0.4609375
vt 0.6534859375 0.39429453125
vt 0.6534859375 0.45093515625
vt 0.6032453125 0.45093515625
vt 0.6032453125 0.39429453125
vt 0 0.31137812500000006
vt 0.016746875 0.28237187499999994
vt 0.0625 0.328125
vt 0.045753125 0.5234375
vt 0.016746875 0.5066906250000001
vt 0.0625 0.4609375
vt 0.3733171875 0.34741953125
vt 0.3733171875 0.40406015625
vt 0.3230765625 0.40406015625
vt 0.3230765625 0.34741953125
vt 0.016746875 0.28237187499999994
vt 0.045753125 0.265625
vt 0.0625 0.328125
vt 0.079246875 0.5234375
vt 0.045753125 0.5234375
vt 0.0625 0.4609375
vt 0.4235578125 0.34741953125
vt 0.4235578125 0.40406015625
vt 0.3733171875 0.40406015625
vt 0.3733171875 0.34741953125
vt 0.045753125 0.265625
vt 0.079246875 0.265625
vt 0.0625 0.328125
vt 0.4235578125 0.34741953125
vt 0.4235578125 0.29077890625
vt 0.4737984375 0.29077890625
vt 0.4737984375 0.34741953125
vt 0.3733171875 0.34741953125
vt 0.3733171875 0.29077890625
vt 0.4235578125 0.29077890625
vt 0.4235578125 0.34741953125
vt 0.3230765625 0.34741953125
vt 0.3230765625 0.29077890625
vt 0.3733171875 0.29077890625
vt 0.3733171875 0.34741953125
vt 0.6032453125 0.39429453125
vt 0.6032453125 0.33765390625
vt 0.6534859375 0.33765390625
vt 0.6534859375 0.39429453125
vt 0.5530046875 0.39429453125
vt 0.5530046875 0.33765390625
vt 0.6032453125 0.33765390625
vt 0.6032453125 0.39429453125
vt 0.5027640625 0.39429453125
vt 0.5027640625 0.33765390625
vt 0.5530046875 0.33765390625
vt 0.5530046875 0.39429453125
vt 0.2594953125 0.42554453125
vt 0.2594953125 0.36890390625
vt 0.3097359375 0.36890390625
vt 0.3097359375 0.42554453125
vt 0.2092546875 0.42554453125
vt 0.2092546875 0.36890390625
vt 0.2594953125 0.36890390625
vt 0.2594953125 0.42554453125
vt 0.1590140625 0.42554453125
vt 0.1590140625 0.36890390625
vt 0.2092546875 0.36890390625
vt 0.2092546875 0.42554453125
vt 0.5094953125 0.87866953125
vt 0.5094953125 0.82202890625
vt 0.5597359375 0.82202890625
vt 0.5597359375 0.87866953125
vt 0.4592546875 0.87866953125
vt 0.4592546875 0.82202890625
vt 0.5094953125 0.82202890625
vt 0.5094953125 0.87866953125
vt 0.4090140625 0.87866953125
vt 0.4090140625 0.82202890625
vt 0.4592546875 0.82202890625
vt 0.4592546875 0.87866953125
vt 0.43193125 0.46875
vt 0.4235578125 0.40406015625
vt 0.4737984375 0.40406015625
vt 0.465425 0.46875
vt 0.4173875 0.99999921875
vt 0.4090140625 0.93531015625
vt 0.4592546875 0.93531015625
vt 0.45088125 0.99999921875
vt 0.467628125 1
vt 0.4592546875 0.93531015625
vt 0.5094953125 0.93531015625
vt 0.5011218749999999 1
vt 0.51786875 1
vt 0.5094953125 0.93531015625
vt 0.5597359375 0.93531015625
vt 0.5513625 1
vt 0.1673875 0.54687421875
vt 0.1590140625 0.48218515625
vt 0.2092546875 0.48218515625
vt 0.20088125 0.54687421875
vt 0.217628125 0.546875
vt 0.2092546875 0.48218515625
vt 0.2594953125 0.48218515625
vt 0.251121875 0.546875
vt 0.26786875 0.546875
vt 0.2594953125 0.48218515625
vt 0.3097359375 0.48218515625
vt 0.3013625 0.546875
vt 0.5111375 0.51562421875
vt 0.5027640625 0.45093515625
vt 0.5530046875 0.45093515625
vt 0.54463125 0.51562421875
vt 0.561378125 0.515625
vt 0.5530046875 0.45093515625
vt 0.6032453125 0.45093515625
vt 0.5948718749999999 0.515625
vt 0.61161875 0.515625
vt 0.6032453125 0.45093515625
vt 0.6534859375 0.45093515625
vt 0.6451125 0.515625
vt 0.33145 0.46874921875
vt 0.3230765625 0.40406015625
vt 0.3733171875 0.40406015625
vt 0.36494375 0.46874921875
vt 0.381690625 0.46875
vt 0.3733171875 0.40406015625
vt 0.4235578125 0.40406015625
vt 0.415184375 0.46875
vt 0.465425 0.22608984374999996
vt 0.4737984375 0.29077890625
vt 0.4235578125 0.29077890625
vt 0.43193125 0.22608984374999996
vt 0.415184375 0.22608906250000005
vt 0.4235578125 0.29077890625
vt 0.3733171875 0.29077890625
vt 0.381690625 0.22608906250000005
vt 0.36494375 0.22608906250000005
vt 0.3733171875 0.29077890625
vt 0.3230765625 0.29077890625
vt 0.33145 0.22608906250000005
vt 0.6451125 0.27296484374999996
vt 0.6534859375 0.33765390625
vt 0.6032453125 0.33765390625
vt 0.61161875 0.27296484374999996
vt 0.5948718749999999 0.27296406250000005
vt 0.6032453125 0.33765390625
vt 0.5530046875 0.33765390625
vt 0.561378125 0.27296406250000005
vt 0.54463125 0.27296406250000005
vt 0.5530046875 0.33765390625
vt 0.5027640625 0.33765390625
vt 0.5111375 0.27296406250000005
vt 0.3013625 0.30421484374999996
vt 0.3097359375 0.36890390625
vt 0.2594953125 0.36890390625
vt 0.26786875 0.30421484374999996
vt 0.251121875 0.30421406250000005
vt 0.2594953125 0.36890390625
vt 0.2092546875 0.36890390625
vt 0.217628125 0.30421406250000005
vt 0.20088125 0.30421406250000005
vt 0.20925468749999998 0.36890390625
vt 0.1590140625 0.36890390625
vt 0.1673875 0.30421406250000005
vt 0.5513625 0.75733984375
vt 0.5597359375 0.82202890625
vt 0.5094953125 0.82202890625
vt 0.51786875 0.75733984375
vt 0.5011218749999999 0.7573390625
vt 0.5094953125 0.82202890625
vt 0.4592546875 0.82202890625
vt 0.467628125 0.7573390625
vt 0.45088125 0.7573390625
vt 0.4592546875 0.82202890625
vt 0.4090140625 0.82202890625
vt 0.4173875 0.7573390625
vn 0 -1 0
vn 0.4999999223061399 0 0.8660254486410051
vn 0 1 0
vn 0 -1 0
vn 0.8660254486410051 0 0.4999999223061399
vn 0 1 0
vn 0 -1 0
vn 1 0 0
vn 0 1 0
vn 0 -1 0
vn 0.8660254486410051 0 -0.4999999223061399
vn 0 1 0
vn 0 -1 0
vn 0.4999999223061399 0 -0.8660254486410051
vn 0 1 0
vn 0 -1 0
vn 0 0 -1
vn 0 1 0
vn 0 -1 0
vn -0.4999999223061399 0 -0.8660254486410051
vn 0 1 0
vn 0 -1 0
vn -0.8660254486410051 0 -0.4999999223061399
vn 0 1 0
vn 0 -1 0
vn -1 0 0
vn 0 1 0
vn 0 -1 0
vn -0.8660254486410051 0 0.4999999223061399
vn 0 1 0
vn 0 -1 0
vn -0.4999999223061399 0 0.8660254486410051
vn 0 1 0
vn 0 -1 0
vn 0 0 1
vn 0 1 0
vn 0.4999999223061399 0 0.8660254486410051
vn 0 0 1
vn -0.4999999223061399 0 0.8660254486410051
vn -0.8660254486410051 0 0.4999999223061399
vn -1 0 0
vn -0.8660254486410051 0 -0.4999999223061399
vn -0.4999999223061399 0 -0.8660254486410051
vn 0 0 -1
vn 0.4999999223061399 0 -0.8660254486410051
vn 0.8660254486410051 0 -0.4999999223061399
vn 1 0 0
vn 0.8660254486410051 0 0.4999999223061399
vn 0.4377888579832681 0.4830770384224685 0.7582727021162525
vn 0.7582721517838965 0.4830781902092501 0.43778854024880004
vn 0.8755776840267943 0.48307734291133475 0
vn 0.7582727021162526 0.4830770384224686 -0.43778885798326816
vn 0.4377885402488001 0.48307819020925014 -0.7582721517838966
vn 0 0.48307734291133475 -0.8755776840267943
vn -0.4377888579832681 0.4830770384224685 -0.7582727021162525
vn -0.7582721517838965 0.4830781902092501 -0.43778854024880004
vn -0.8755776840267943 0.48307734291133475 0
vn -0.7582727021162526 0.4830770384224686 0.43778885798326816
vn -0.4377885402488001 0.48307819020925014 0.7582721517838966
vn 0 0.48307734291133475 0.8755776840267943
vn 0.4377885402488001 -0.48307819020925014 0.7582721517838966
vn 0 -0.48307734291133475 0.8755776840267943
vn -0.4377888579832681 -0.4830770384224685 0.7582727021162525
vn -0.7582721517838965 -0.4830781902092501 0.43778854024880004
vn -0.8755776840267943 -0.48307734291133475 0
vn -0.7582727021162526 -0.4830770384224686 -0.43778885798326816
vn -0.4377885402488001 -0.48307819020925014 -0.7582721517838966
vn 0 -0.48307734291133475 -0.8755776840267943
vn 0.4377888579832681 -0.4830770384224685 -0.7582727021162525
vn 0.7582721517838965 -0.4830781902092501 -0.43778854024880004
vn 0.8755776840267943 -0.48307734291133475 0
vn 0.7582727021162526 -0.4830770384224686 0.43778885798326816
usemtl m_e2eb4fa8-151d-648b-a400-ca344085f363
f 5/1/1 3/2/1 1/3/1
f 27/4/2 40/5/2 39/6/2 28/7/2
f 4/8/3 6/9/3 2/10/3
f 7/11/4 5/12/4 1/13/4
f 38/14/5 41/15/5 40/16/5 27/17/5
f 6/18/6 8/19/6 2/20/6
f 9/21/7 7/22/7 1/23/7
f 37/24/8 42/25/8 41/26/8 38/27/8
f 8/28/9 10/29/9 2/30/9
f 11/31/10 9/32/10 1/33/10
f 36/34/11 43/35/11 42/36/11 37/37/11
f 10/38/12 12/39/12 2/40/12
f 13/41/13 11/42/13 1/43/13
f 35/44/14 44/45/14 43/46/14 36/47/14
f 12/48/15 14/49/15 2/50/15
f 15/51/16 13/52/16 1/53/16
f 34/54/17 45/55/17 44/56/17 35/57/17
f 14/58/18 16/59/18 2/60/18
f 17/61/19 15/62/19 1/63/19
f 33/64/20 46/65/20 45/66/20 34/67/20
f 16/68/21 18/69/21 2/70/21
f 19/71/22 17/72/22 1/73/22
f 32/74/23 47/75/23 46/76/23 33/77/23
f 18/78/24 20/79/24 2/80/24
f 21/81/25 19/82/25 1/83/25
f 31/84/26 48/85/26 47/86/26 32/87/26
f 20/88/27 22/89/27 2/90/27
f 23/91/28 21/92/28 1/93/28
f 30/94/29 49/95/29 48/96/29 31/97/29
f 22/98/30 24/99/30 2/100/30
f 25/101/31 23/102/31 1/103/31
f 29/104/32 50/105/32 49/106/32 30/107/32
f 24/108/33 26/109/33 2/110/33
f 3/111/34 25/112/34 1/113/34
f 28/114/35 39/115/35 50/116/35 29/117/35
f 26/118/36 4/119/36 2/120/36
f 28/121/37 52/122/37 51/123/37 27/124/37
f 29/125/38 53/126/38 52/127/38 28/128/38
f 30/129/39 54/130/39 53/131/39 29/132/39
f 31/133/40 55/134/40 54/135/40 30/136/40
f 32/137/41 56/138/41 55/139/41 31/140/41
f 33/141/42 57/142/42 56/143/42 32/144/42
f 34/145/43 58/146/43 57/147/43 33/148/43
f 35/149/44 59/150/44 58/151/44 34/152/44
f 36/153/45 60/154/45 59/155/45 35/156/45
f 37/157/46 61/158/46 60/159/46 36/160/46
f 38/161/47 62/162/47 61/163/47 37/164/47
f 27/165/48 51/166/48 62/167/48 38/168/48
f 4/169/49 39/170/49 40/171/49 6/172/49
f 6/173/50 40/174/50 41/175/50 8/176/50
f 8/177/51 41/178/51 42/179/51 10/180/51
f 10/181/52 42/182/52 43/183/52 12/184/52
f 12/185/53 43/186/53 44/187/53 14/188/53
f 14/189/54 44/190/54 45/191/54 16/192/54
f 16/193/55 45/194/55 46/195/55 18/196/55
f 18/197/56 46/198/56 47/199/56 20/200/56
f 20/201/57 47/202/57 48/203/57 22/204/57
f 22/205/58 48/206/58 49/207/58 24/208/58
f 24/209/59 49/210/59 50/211/59 26/212/59
f 26/213/60 50/214/60 39/215/60 4/216/60
f 5/217/61 51/218/61 52/219/61 3/220/61
f 3/221/62 52/222/62 53/223/62 25/224/62
f 25/225/63 53/226/63 54/227/63 23/228/63
f 23/229/64 54/230/64 55/231/64 21/232/64
f 21/233/65 55/234/65 56/235/65 19/236/65
f 19/237/66 56/238/66 57/239/66 17/240/66
f 17/241/67 57/242/67 58/243/67 15/244/67
f 15/245/68 58/246/68 59/247/68 13/248/68
f 13/249/69 59/250/69 60/251/69 11/252/69
f 11/253/70 60/254/70 61/255/70 9/256/70
f 9/257/71 61/258/71 62/259/71 7/260/71
f 7/261/72 62/262/72 51/263/72 5/264/72
o sphere
v 0 1.875 0
v 0 3.875 0
v 0.03407417371093171 3.840925826289068 0.2588190451025208
v 0.06582624879369792 3.741025403784439 0.49999999999999994
v 0.09309237380419318 3.5821067811865475 0.7071067811865475
v 0.11401440738235431 3.375 0.8660254037844386
v 0.1271665475151249 3.1338190451025207 0.9659258262890684
v 0.13165249758739586 2.875 1
v 0.1271665475151249 2.6161809548974793 0.9659258262890684
v 0.11401440738235433 2.375 0.8660254037844387
v 0.09309237380419319 2.1678932188134525 0.7071067811865476
v 0.06582624879369792 2.008974596215561 0.49999999999999994
v 0.03407417371093175 1.9090741737109318 0.2588190451025211
v 0.09990042250462965 3.840925826289068 0.24118095489747926
v 0.19299279630882282 3.741025403784439 0.4659258262890682
v 0.27293302998024543 3.5821067811865475 0.6589186225978911
v 0.3342733287016725 3.375 0.8070072036911772
v 0.37283345248487515 3.1338190451025207 0.9000995774953705
v 0.3859855926176457 2.875 0.9318516525781366
v 0.37283345248487515 2.6161809548974793 0.9000995774953705
v 0.3342733287016725 2.375 0.8070072036911773
v 0.2729330299802455 2.1678932188134525 0.6589186225978912
v 0.19299279630882282 2.008974596215561 0.4659258262890682
v 0.09990042250462976 1.9090741737109318 0.2411809548974795
v 0.15891862259789113 3.840925826289068 0.20710678118654754
v 0.3070072036911771 3.741025403784439 0.40009957749537034
v 0.4341737512063021 3.5821067811865475 0.5658262487936979
v 0.5317520750827662 3.375 0.6929927963088228
v 0.5930923738041933 3.1338190451025207 0.7729330299802456
v 0.6140144073823545 2.875 0.8001991549907408
v 0.5930923738041933 2.6161809548974793 0.7729330299802456
v 0.5317520750827663 2.375 0.6929927963088229
v 0.43417375120630214 2.1678932188134525 0.565826248793698
v 0.3070072036911771 2.008974596215561 0.40009957749537034
v 0.1589186225978913 1.9090741737109318 0.20710678118654777
v 0.20710678118654754 3.840925826289068 0.15891862259789113
v 0.40009957749537034 3.741025403784439 0.3070072036911771
v 0.5658262487936979 3.5821067811865475 0.4341737512063021
v 0.6929927963088228 3.375 0.5317520750827662
v 0.7729330299802456 3.1338190451025207 0.5930923738041933
v 0.8001991549907408 2.875 0.6140144073823545
v 0.7729330299802456 2.6161809548974793 0.5930923738041933
v 0.6929927963088229 2.375 0.5317520750827663
v 0.565826248793698 2.1678932188134525 0.43417375120630214
v 0.40009957749537034 2.008974596215561 0.3070072036911771
v 0.20710678118654777 1.9090741737109318 0.1589186225978913
v 0.24118095489747926 3.840925826289068 0.09990042250462966
v 0.4659258262890682 3.741025403784439 0.19299279630882285
v 0.6589186225978911 3.5821067811865475 0.2729330299802455
v 0.8070072036911772 3.375 0.3342733287016725
v 0.9000995774953705 3.1338190451025207 0.3728334524848752
v 0.9318516525781366 2.875 0.38598559261764576
v 0.9000995774953705 2.6161809548974793 0.3728334524848752
v 0.8070072036911773 2.375 0.33427332870167253
v 0.6589186225978912 2.1678932188134525 0.27293302998024555
v 0.4659258262890682 2.008974596215561 0.19299279630882285
v 0.2411809548974795 1.9090741737109318 0.09990042250462977
v 0.2588190451025208 3.840925826289068 0.03407417371093175
v 0.49999999999999994 3.741025403784439 0.06582624879369799
v 0.7071067811865475 3.5821067811865475 0.09309237380419327
v 0.8660254037844386 3.375 0.11401440738235444
v 0.9659258262890684 3.1338190451025207 0.12716654751512504
v 1 2.875 0.131652497587396
v 0.9659258262890684 2.6161809548974793 0.12716654751512504
v 0.8660254037844387 2.375 0.11401440738235445
v 0.7071067811865476 2.1678932188134525 0.09309237380419329
v 0.49999999999999994 2.008974596215561 0.06582624879369799
v 0.2588190451025211 1.9090741737109318 0.034074173710931785
v 0.2588190451025208 3.840925826289068 -0.03407417371093166
v 0.5 3.741025403784439 -0.0658262487936978
v 0.7071067811865476 3.5821067811865475 -0.09309237380419304
v 0.8660254037844387 3.375 -0.11401440738235415
v 0.9659258262890685 3.1338190451025207 -0.1271665475151247
v 1.0000000000000002 2.875 -0.13165249758739567
v 0.9659258262890685 2.6161809548974793 -0.1271665475151247
v 0.8660254037844388 2.375 -0.11401440738235416
v 0.7071067811865477 2.1678932188134525 -0.09309237380419305
v 0.5 2.008974596215561 -0.0658262487936978
v 0.2588190451025211 1.9090741737109318 -0.034074173710931695
v 0.24118095489747926 3.840925826289068 -0.09990042250462963
v 0.4659258262890682 3.741025403784439 -0.1929927963088228
v 0.6589186225978911 3.5821067811865475 -0.27293302998024543
v 0.8070072036911772 3.375 -0.3342733287016724
v 0.9000995774953705 3.1338190451025207 -0.3728334524848751
v 0.9318516525781366 2.875 -0.38598559261764565
v 0.9000995774953705 2.6161809548974793 -0.3728334524848751
v 0.8070072036911773 2.375 -0.3342733287016724
v 0.6589186225978912 2.1678932188134525 -0.27293302998024543
v 0.4659258262890682 2.008974596215561 -0.1929927963088228
v 0.2411809548974795 1.9090741737109318 -0.09990042250462974
v 0.20710678118654754 3.840925826289068 -0.15891862259789113
v 0.40009957749537034 3.741025403784439 -0.3070072036911771
v 0.5658262487936979 3.5821067811865475 -0.4341737512063021
v 0.6929927963088228 3.375 -0.5317520750827662
v 0.7729330299802456 3.1338190451025207 -0.5930923738041933
v 0.8001991549907408 2.875 -0.6140144073823545
v 0.7729330299802456 2.6161809548974793 -0.5930923738041933
v 0.6929927963088229 2.375 -0.5317520750827663
v 0.565826248793698 2.1678932188134525 -0.43417375120630214
v 0.40009957749537034 2.008974596215561 -0.3070072036911771
v 0.20710678118654777 1.9090741737109318 -0.1589186225978913
v 0.1589186225978912 3.840925826289068 -0.20710678118654752
v 0.30700720369117723 3.741025403784439 -0.4000995774953703
v 0.43417375120630225 3.5821067811865475 -0.5658262487936978
v 0.5317520750827665 3.375 -0.6929927963088227
v 0.5930923738041936 3.1338190451025207 -0.7729330299802455
v 0.6140144073823547 2.875 -0.8001991549907407
v 0.5930923738041936 2.6161809548974793 -0.7729330299802455
v 0.5317520750827665 2.375 -0.6929927963088228
v 0.4341737512063023 2.1678932188134525 -0.5658262487936979
v 0.30700720369117723 2.008974596215561 -0.4000995774953703
v 0.15891862259789136 1.9090741737109318 -0.20710678118654774
v 0.09990042250462967 3.840925826289068 -0.24118095489747926
v 0.19299279630882288 3.741025403784439 -0.4659258262890682
v 0.27293302998024555 3.5821067811865475 -0.6589186225978911
v 0.33427332870167253 3.375 -0.8070072036911772
v 0.37283345248487526 3.1338190451025207 -0.9000995774953705
v 0.3859855926176458 2.875 -0.9318516525781366
v 0.37283345248487526 2.6161809548974793 -0.9000995774953705
v 0.3342733287016726 2.375 -0.8070072036911773
v 0.27293302998024555 2.1678932188134525 -0.6589186225978912
v 0.19299279630882288 2.008974596215561 -0.4659258262890682
v 0.09990042250462979 1.9090741737109318 -0.2411809548974795
v 0.03407417371093171 3.840925826289068 -0.2588190451025208
v 0.06582624879369792 3.741025403784439 -0.49999999999999994
v 0.09309237380419318 3.5821067811865475 -0.7071067811865475
v 0.11401440738235431 3.375 -0.8660254037844386
v 0.1271665475151249 3.1338190451025207 -0.9659258262890684
v 0.13165249758739586 2.875 -1
v 0.1271665475151249 2.6161809548974793 -0.9659258262890684
v 0.11401440738235433 2.375 -0.8660254037844387
v 0.09309237380419319 2.1678932188134525 -0.7071067811865476
v 0.06582624879369792 2.008974596215561 -0.49999999999999994
v 0.03407417371093175 1.9090741737109318 -0.2588190451025211
v -0.034074173710931764 3.840925826289068 -0.2588190451025208
v -0.06582624879369801 3.741025403784439 -0.49999999999999994
v -0.09309237380419332 3.5821067811865475 -0.7071067811865475
v -0.11401440738235448 3.375 -0.8660254037844386
v -0.1271665475151251 3.1338190451025207 -0.9659258262890684
v -0.13165249758739606 2.875 -1
v -0.1271665475151251 2.6161809548974793 -0.9659258262890684
v -0.1140144073823545 2.375 -0.8660254037844387
v -0.09309237380419333 2.1678932188134525 -0.7071067811865476
v -0.06582624879369801 2.008974596215561 -0.49999999999999994
v -0.0340741737109318 1.9090741737109318 -0.2588190451025211
v -0.09990042250462962 3.840925826289068 -0.2411809548974793
v -0.19299279630882277 3.741025403784439 -0.46592582628906826
v -0.2729330299802454 3.5821067811865475 -0.6589186225978911
v -0.33427332870167237 3.375 -0.8070072036911773
v -0.37283345248487504 3.1338190451025207 -0.9000995774953706
v -0.3859855926176456 2.875 -0.9318516525781367
v -0.37283345248487504 2.6161809548974793 -0.9000995774953706
v -0.3342733287016724 2.375 -0.8070072036911774
v -0.27293302998024543 2.1678932188134525 -0.6589186225978912
v -0.19299279630882277 2.008974596215561 -0.46592582628906826
v -0.09990042250462973 1.9090741737109318 -0.24118095489747954
v -0.15891862259789105 3.840925826289068 -0.2071067811865476
v -0.30700720369117696 3.741025403784439 -0.40009957749537045
v -0.4341737512063018 3.5821067811865475 -0.565826248793698
v -0.531752075082766 3.375 -0.692992796308823
v -0.593092373804193 3.1338190451025207 -0.7729330299802458
v -0.6140144073823541 2.875 -0.800199154990741
v -0.593092373804193 2.6161809548974793 -0.7729330299802458
v -0.531752075082766 2.375 -0.6929927963088232
v -0.4341737512063019 2.1678932188134525 -0.5658262487936981
v -0.30700720369117696 2.008974596215561 -0.40009957749537045
v -0.15891862259789122 1.9090741737109318 -0.20710678118654782
v -0.2071067811865475 3.840925826289068 -0.1589186225978912
v -0.40009957749537023 3.741025403784439 -0.30700720369117723
v -0.5658262487936977 3.5821067811865475 -0.43417375120630225
v -0.6929927963088227 3.375 -0.5317520750827665
v -0.7729330299802454 3.1338190451025207 -0.5930923738041936
v -0.8001991549907406 2.875 -0.6140144073823547
v -0.7729330299802454 2.6161809548974793 -0.5930923738041936
v -0.6929927963088227 2.375 -0.5317520750827665
v -0.5658262487936978 2.1678932188134525 -0.4341737512063023
v -0.40009957749537023 2.008974596215561 -0.30700720369117723
v -0.2071067811865477 1.9090741737109318 -0.15891862259789136
v -0.2411809548974792 3.840925826289068 -0.0999004225046298
v -0.4659258262890681 3.741025403784439 -0.1929927963088231
v -0.6589186225978909 3.5821067811865475 -0.2729330299802458
v -0.807007203691177 3.375 -0.3342733287016729
v -0.9000995774953703 3.1338190451025207 -0.3728334524848757
v -0.9318516525781364 2.875 -0.3859855926176463
v -0.9000995774953703 2.6161809548974793 -0.3728334524848757
v -0.8070072036911771 2.375 -0.334273328701673
v -0.658918622597891 2.1678932188134525 -0.2729330299802459
v -0.4659258262890681 2.008974596215561 -0.1929927963088231
v -0.24118095489747945 1.9090741737109318 -0.0999004225046299
v -0.2588190451025208 3.840925826289068 -0.03407417371093172
v -0.49999999999999994 3.741025403784439 -0.06582624879369794
v -0.7071067811865475 3.5821067811865475 -0.09309237380419322
v -0.8660254037844386 3.375 -0.11401440738235437
v -0.9659258262890684 3.1338190451025207 -0.12716654751512496
v -1 2.875 -0.13165249758739592
v -0.9659258262890684 2.6161809548974793 -0.12716654751512496
v -0.8660254037844387 2.375 -0.11401440738235438
v -0.7071067811865476 2.1678932188134525 -0.09309237380419323
v -0.49999999999999994 2.008974596215561 -0.06582624879369794
v -0.2588190451025211 1.9090741737109318 -0.034074173710931764
v -0.2588190451025208 3.840925826289068 0.03407417371093163
v -0.5 3.741025403784439 0.06582624879369775
v -0.7071067811865476 3.5821067811865475 0.09309237380419297
v -0.8660254037844387 3.375 0.11401440738235405
v -0.9659258262890685 3.1338190451025207 0.12716654751512463
v -1.0000000000000002 2.875 0.13165249758739553
v -0.9659258262890685 2.6161809548974793 0.12716654751512463
v -0.8660254037844388 2.375 0.11401440738235406
v -0.7071067811865477 2.1678932188134525 0.09309237380419298
v -0.5 2.008974596215561 0.06582624879369775
v -0.2588190451025211 1.9090741737109318 0.03407417371093167
v -0.24118095489747923 3.840925826289068 0.0999004225046297
v -0.46592582628906815 3.741025403784439 0.19299279630882293
v -0.658918622597891 3.5821067811865475 0.2729330299802456
v -0.8070072036911771 3.375 0.33427332870167265
v -0.9000995774953704 3.1338190451025207 0.37283345248487537
v -0.9318516525781365 2.875 0.3859855926176459
v -0.9000995774953704 2.6161809548974793 0.37283345248487537
v -0.8070072036911772 2.375 0.3342733287016727
v -0.6589186225978911 2.1678932188134525 0.27293302998024566
v -0.46592582628906815 2.008974596215561 0.19299279630882293
v -0.24118095489747948 1.9090741737109318 0.09990042250462981
v -0.20710678118654754 3.840925826289068 0.1589186225978911
v -0.40009957749537034 3.741025403784439 0.30700720369117707
v -0.5658262487936979 3.5821067811865475 0.43417375120630197
v -0.6929927963088228 3.375 0.5317520750827661
v -0.7729330299802456 3.1338190451025207 0.5930923738041932
v -0.8001991549907408 2.875 0.6140144073823544
v -0.7729330299802456 2.6161809548974793 0.5930923738041932
v -0.6929927963088229 2.375 0.5317520750827662
v -0.565826248793698 2.1678932188134525 0.4341737512063021
v -0.40009957749537034 2.008974596215561 0.30700720369117707
v -0.20710678118654777 1.9090741737109318 0.15891862259789127
v -0.1589186225978912 3.840925826289068 0.2071067811865475
v -0.30700720369117723 3.741025403784439 0.40009957749537023
v -0.43417375120630225 3.5821067811865475 0.5658262487936977
v -0.5317520750827665 3.375 0.6929927963088227
v -0.5930923738041936 3.1338190451025207 0.7729330299802454
v -0.6140144073823547 2.875 0.8001991549907406
v -0.5930923738041936 2.6161809548974793 0.7729330299802454
v -0.5317520750827665 2.375 0.6929927963088227
v -0.4341737512063023 2.1678932188134525 0.5658262487936978
v -0.30700720369117723 2.008974596215561 0.40009957749537023
v -0.15891862259789136 1.9090741737109318 0.2071067811865477
v -0.09990042250462981 3.840925826289068 0.2411809548974792
v -0.19299279630882313 3.741025403784439 0.4659258262890681
v -0.2729330299802459 3.5821067811865475 0.6589186225978909
v -0.334273328701673 3.375 0.807007203691177
v -0.37283345248487576 3.1338190451025207 0.9000995774953703
v -0.38598559261764637 2.875 0.9318516525781364
v -0.37283345248487576 2.6161809548974793 0.9000995774953703
v -0.33427332870167303 2.375 0.8070072036911771
v -0.27293302998024593 2.1678932188134525 0.658918622597891
v -0.19299279630882313 2.008974596215561 0.4659258262890681
v -0.09990042250462991 1.9090741737109318 0.24118095489747945
v -0.03407417371093174 3.840925826289068 0.2588190451025208
v -0.06582624879369797 3.741025403784439 0.49999999999999994
v -0.09309237380419326 3.5821067811865475 0.7071067811865475
v -0.11401440738235441 3.375 0.8660254037844386
v -0.12716654751512502 3.1338190451025207 0.9659258262890684
v -0.13165249758739597 2.875 1
v -0.12716654751512502 2.6161809548974793 0.9659258262890684
v -0.11401440738235442 2.375 0.8660254037844387
v -0.09309237380419327 2.1678932188134525 0.7071067811865476
v -0.06582624879369797 2.008974596215561 0.49999999999999994
v -0.03407417371093178 1.9090741737109318 0.2588190451025211
vt 0.09498263153372657 0.6687146157403134
vt 0.08681006981256294 0.666310798676502
vt 0.10010422219930715 0.6362075386492035
vt 0.09498263153372657 0.6687146157403134
vt 0.08958222640003587 0.7011396843989456
vt 0.07379473189392886 0.6964960671362783
vt 0.08681006981256294 0.666310798676502
vt 0.08958222640003587 0.7011396843989456
vt 0.08364442886410065 0.7334066884175601
vt 0.06131678637753932 0.7268394002360723
vt 0.07379473189392886 0.6964960671362783
vt 0.6707202555361935 0.7890625
vt 0.6579780057935989 0.7589083799515429
vt 0.6850355350017299 0.7499463351002402
vt 0.6928133318192279 0.7817447904253836
vt 0.30996210345398467 0.8377434202539706
vt 0.307198558676695 0.8051878403964616
vt 0.33897201464038207 0.8040966565628219
vt 0.3384484347897875 0.8367651249036361
vt 0.307198558676695 0.8051878403964616
vt 0.30551875 0.7725950421981385
vt 0.33841185839038207 0.7714654065628219
vt 0.33897201464038207 0.8040966565628219
vt 0.30551875 0.7725950421981385
vt 0.30495859375 0.7399637921981386
vt 0.33673204971368703 0.7388726083644988
vt 0.33841185839038207 0.7714654065628219
vt 0.30495859375 0.7399637921981386
vt 0.3054821736005946 0.7072953238573243
vt 0.3339685049363974 0.7063170285069899
vt 0.33673204971368703 0.7388726083644988
vt 0.3054821736005946 0.7072953238573243
vt 0.3069754942559 0.6745935520732168
vt 0.33023521935439704 0.6737947520927743
vt 0.3339685049363974 0.7063170285069899
vt 0.3796339773039849 0.47700958490149126
vt 0.39164657801703584 0.5075401337341581
vt 0.37704190351529404 0.5151237771039819
vt 0.3589791513731604 0.48773483822408215
vt 0.39164657801703584 0.5075401337341581
vt 0.40316204847857945 0.538328823105002
vt 0.3956017859089349 0.5422545754457045
vt 0.37704190351529404 0.5151237771039819
vt 0.40222662541394866 0.543658389741058
vt 0.41039918713511225 0.5412545726772465
vt 0.41552077780069285 0.5737616497683564
vt 0.08681006981256294 0.666310798676502
vt 0.07952836448682171 0.6618897276397994
vt 0.10010422219930715 0.6362075386492035
vt 0.08681006981256294 0.666310798676502
vt 0.07326749534390603 0.6962632297946247
vt 0.05920092885624892 0.6877227455395709
vt 0.07952836448682171 0.6618897276397994
vt 0.07326749534390603 0.6962632297946247
vt 0.059246107346401324 0.7259249503539327
vt 0.03935230675452393 0.7138464739981573
vt 0.05920092885624892 0.6877227455395709
vt 0.6928133318192279 0.7817447904253836
vt 0.6850355350017299 0.7499463351002402
vt 0.7131749403967994 0.7454073926267606
vt 0.7157897841467995 0.7780386426267607
vt 0.34508864186819876 0.8364228935494119
vt 0.3412093400516701 0.803981346468377
vt 0.37292662347916505 0.8018002646232578
vt 0.3735246120006195 0.8344674556461011
vt 0.34120934005167014 0.803981346468377
vt 0.33841185839038207 0.7714654065628219
vt 0.37124681480247 0.7692074664249346
vt 0.37292662347916505 0.8018002646232578
vt 0.33841185839038207 0.7714654065628219
vt 0.33673204971368703 0.7388726083644988
vt 0.368449333141182 0.7366915265193795
vt 0.37124681480247 0.7692074664249346
vt 0.33673204971368703 0.7388726083644988
vt 0.33613406119223266 0.7062054173416554
vt 0.3645700313246533 0.7042499794383447
vt 0.368449333141182 0.7366915265193795
vt 0.33613406119223266 0.7062054173416554
vt 0.3365040990632919 0.6734716586761219
vt 0.35972270311561105 0.671875
vt 0.3645700313246533 0.7042499794383447
vt 0.35806126099425745 0.48836275699256504
vt 0.37704190351529404 0.5151237771039819
vt 0.36468082775035376 0.5259871085449307
vt 0.3405794699271491 0.5037263462266073
vt 0.37704190351529404 0.5151237771039819
vt 0.3956017859089349 0.5422545754457045
vt 0.3892029457009541 0.5478780926329484
vt 0.36468082775035376 0.5259871085449307
vt 0.3949449200882074 0.5480794607777607
vt 0.40222662541394866 0.543658389741058
vt 0.41552077780069285 0.5737616497683564
vt 0.07952836448682171 0.6618897276397994
vt 0.07362547098008343 0.6557476636698779
vt 0.10010422219930715 0.6362075386492035
vt 0.07952836448682171 0.6618897276397994
vt 0.05875112412718783 0.6873623744626758
vt 0.047348102408008144 0.6754973308582715
vt 0.07362547098008343 0.6557476636698779
vt 0.05875112412718783 0.6873623744626758
vt 0.03758573495571141 0.7124311456558354
vt 0.021458882647775457 0.695650873676382
vt 0.047348102408008144 0.6754973308582715
vt 0.7157897841467995 0.7780386426267607
vt 0.7131749403967994 0.7454073926267606
vt 0.7416780653967995 0.7454073926267606
vt 0.7390632216467994 0.7780386426267607
vt 0.7131749403967994 0.7454073926267606
vt 0.7115304091467994 0.7127761426267607
vt 0.7433225966467994 0.7127761426267607
vt 0.7416780653967995 0.7454073926267606
vt 0.7115304091467994 0.7127761426267607
vt 0.7109702528967995 0.6801448926267606
vt 0.7438827528967995 0.6801448926267606
vt 0.7433225966467994 0.7127761426267607
vt 0.37124681480247 0.7692074664249346
vt 0.368449333141182 0.7366915265193795
vt 0.4000730692248363 0.7334231167919223
vt 0.4039849273923405 0.765823882481397
vt 0.3119578125 0.9402625
vt 0.31360234375 0.90763125
vt 0.34210546875000003 0.90763125
vt 0.34375 0.9402625
vt 0.31360234375 0.90763125
vt 0.3162171875 0.875
vt 0.339490625 0.875
vt 0.34210546875000003 0.90763125
vt 0.33983885317765195 0.5045559796142309
vt 0.36468082775035376 0.5259871085449307
vt 0.35528409150496315 0.5394967166812559
vt 0.3265494127698384 0.5236620955647211
vt 0.36468082775035376 0.5259871085449307
vt 0.3892029457009541 0.5478780926329484
vt 0.3843386268621894 0.5548714826404726
vt 0.35528409150496315 0.5394967166812559
vt 0.38904202658146914 0.5542215247476822
vt 0.3949449200882074 0.5480794607777607
vt 0.41552077780069285 0.5737616497683564
vt 0.07362547098008343 0.6557476636698779
vt 0.06949694895489707 0.6482961935162739
vt 0.10010422219930715 0.6362075386492035
vt 0.07362547098008343 0.6557476636698779
vt 0.04700587143058005 0.6750335749252239
vt 0.03903052404076662 0.6606390621486726
vt 0.06949694895489707 0.6482961935162739
vt 0.04700587143058005 0.6750335749252239
vt 0.02011479808319895 0.6938295096490095
vt 0.00883557292451391 0.6734719073126317
vt 0.03903052404076662 0.6606390621486726
vt 0.7390632216467994 0.7780386426267607
vt 0.7416780653967995 0.7454073926267606
vt 0.769817470791869 0.7499463351002402
vt 0.762039673974371 0.7817447904253836
vt 0.5717878879993805 0.9594674556461011
vt 0.572385876520835 0.9268002646232578
vt 0.6041031599483299 0.928981346468377
vt 0.6002238581318012 0.9614228935494119
vt 0.572385876520835 0.9268002646232578
vt 0.57406568519753 0.8942074664249346
vt 0.6069006416096179 0.8964654065628219
vt 0.6041031599483299 0.928981346468377
vt 0.57406568519753 0.8942074664249346
vt 0.576863166858818 0.8616915265193795
vt 0.6085804502863129 0.8638726083644988
vt 0.6069006416096179 0.8964654065628219
vt 0.576863166858818 0.8616915265193795
vt 0.5807424686753466 0.8292499794383447
vt 0.6091784388077673 0.8312054173416554
vt 0.6085804502863129 0.8638726083644988
vt 0.5807424686753466 0.8292499794383447
vt 0.585589796884389 0.796875
vt 0.6088084009367081 0.7984716586761218
vt 0.6091784388077673 0.8312054173416554
vt 0.32602925300254737 0.5246450699000867
vt 0.35528409150496315 0.5394967166812559
vt 0.3493995929690185 0.5548648929244855
vt 0.31770703445973547 0.546379686795539
vt 0.35528409150496315 0.5394967166812559
vt 0.3843386268621894 0.5548714826404726
vt 0.38129245462349115 0.5628269798753841
vt 0.3493995929690185 0.5548648929244855
vt 0.38491350455628276 0.5616729949012862
vt 0.38904202658146914 0.5542215247476822
vt 0.41552077780069285 0.5737616497683564
vt 0.06949694895489707 0.6482961935162739
vt 0.0674194554062168 0.6400346487383469
vt 0.10010422219930715 0.6362075386492035
vt 0.06949694895489707 0.6482961935162739
vt 0.03881880010519451 0.6601029981763203
vt 0.034805564218418905 0.6441436090345143
vt 0.0674194554062168 0.640034648738347
vt 0.038818800105194506 0.6601029981763203
vt 0.008004044242065342 0.6713665592921836
vt 0.0023282800440476287 0.6487958128748648
vt 0.034805564218418905 0.6441436090345143
vt 0.762039673974371 0.7817447904253836
vt 0.769817470791869 0.7499463351002402
vt 0.796875 0.7589083799515429
vt 0.7841327502574054 0.7890625
vt 0.6068640652102125 0.9617651249036361
vt 0.6063404853596179 0.9290966565628219
vt 0.638113941323305 0.9301878403964616
vt 0.6353503965460153 0.9627434202539705
vt 0.6063404853596179 0.9290966565628219
vt 0.6069006416096179 0.8964654065628219
vt 0.6397937499999999 0.8975950421981385
vt 0.638113941323305 0.9301878403964616
vt 0.6069006416096179 0.8964654065628219
vt 0.6085804502863129 0.8638726083644988
vt 0.64035390625 0.8649637921981386
vt 0.6397937499999999 0.8975950421981385
vt 0.6085804502863129 0.8638726083644988
vt 0.6113439950636026 0.8313170285069899
vt 0.6398303263994054 0.8322953238573243
vt 0.64035390625 0.8649637921981386
vt 0.6113439950636026 0.8313170285069899
vt 0.615077280645603 0.7987947520927743
vt 0.6383370057441 0.7995935520732168
vt 0.6398303263994054 0.8322953238573243
vt 0.3174376607790878 0.5474586875127168
vt 0.3493995929690185 0.5548648929244855
vt 0.34737044128298045 0.5711955606235585
vt 0.31456791007992935 0.5705545188246892
vt 0.3493995929690185 0.5548648929244855
vt 0.38129245462349115 0.5628269798753841
vt 0.3802420430214897 0.5712807208832977
vt 0.34737044128298045 0.5711955606235585
vt 0.3828360110076025 0.569934539679213
vt 0.38491350455628276 0.5616729949012862
vt 0.41552077780069285 0.5737616497683564
vt 0.0674194554062168 0.6400346487383469
vt 0.06753220555893624 0.6315166449249197
vt 0.10010422219930715 0.6362075386492035
vt 0.0674194554062168 0.6400346487383469
vt 0.03473853518840264 0.6435711592843323
vt 0.03495634234328915 0.6271163507437938
vt 0.06753220555893624 0.6315166449249197
vt 0.03473853518840264 0.6435711592843323
vt 0.0020650289342256656 0.6465475626463277
vt 0.0023730651640048728 0.623276163746658
vt 0.03495634234328915 0.6271163507437938
vt 0.64461328125 0.9954887921981386
vt 0.6419984375 0.9628575421981385
vt 0.6705015624999999 0.9628575421981385
vt 0.6678867187499999 0.9954887921981386
vt 0.6419984375 0.9628575421981385
vt 0.64035390625 0.9302262921981386
vt 0.67214609375 0.9302262921981386
vt 0.6705015624999999 0.9628575421981385
vt 0.64035390625 0.9302262921981386
vt 0.6397937499999999 0.8975950421981385
vt 0.67270625 0.8975950421981385
vt 0.67214609375 0.9302262921981386
vt 0.6397937499999999 0.8975950421981385
vt 0.64035390625 0.8649637921981386
vt 0.67214609375 0.8649637921981386
vt 0.67270625 0.8975950421981385
vt 0.64035390625 0.8649637921981386
vt 0.6419984375 0.8323325421981385
vt 0.6705015624999999 0.8323325421981385
vt 0.67214609375 0.8649637921981386
vt 0.6419984375 0.8323325421981385
vt 0.64461328125 0.7997012921981386
vt 0.6678867187499999 0.7997012921981386
vt 0.6705015624999999 0.8323325421981385
vt 0.31456502893422567 0.5716666323200192
vt 0.34737044128298045 0.5711955606235585
vt 0.3493149507750127 0.5875365228626036
vt 0.3173150734541478 0.5947770228014639
vt 0.34737044128298045 0.5711955606235585
vt 0.3802420430214897 0.5712807208832977
vt 0.38124863870612313 0.5797397909675432
vt 0.3493149507750127 0.5875365228626035
vt 0.38294876116032195 0.5784525434926404
vt 0.3828360110076025 0.569934539679213
vt 0.41552077780069285 0.5737616497683564
vt 0.06753220555893624 0.6315166449249197
vt 0.06982764389603463 0.6233129832788571
vt 0.10010422219930715 0.6362075386492035
vt 0.06753220555893624 0.6315166449249197
vt 0.0350384999109902 0.626545875729952
vt 0.039472754600337244 0.6106983033791942
vt 0.06982764389603463 0.6233129832788571
vt 0.0350384999109902 0.626545875729952
vt 0.002695732385540439 0.6210356691358441
vt 0.008966927182143578 0.5986230608786718
vt 0.03947275460033725 0.6106983033791942
vt 0.2236797497425947 1
vt 0.2109375 0.9698458799515429
vt 0.23799502920813104 0.9608838351002402
vt 0.245772826025629 0.9926822904253836
vt 0.6771496034539847 0.9627434202539705
vt 0.674386058676695 0.9301878403964616
vt 0.7061595146403821 0.9290966565628219
vt 0.7056359347897875 0.9617651249036361
vt 0.674386058676695 0.9301878403964616
vt 0.67270625 0.8975950421981385
vt 0.705599358390382 0.8964654065628219
vt 0.7061595146403821 0.9290966565628219
vt 0.67270625 0.8975950421981385
vt 0.67214609375 0.8649637921981386
vt 0.703919549713687 0.8638726083644988
vt 0.705599358390382 0.8964654065628219
vt 0.67214609375 0.8649637921981386
vt 0.6726696736005946 0.8322953238573243
vt 0.7011560049363974 0.8313170285069899
vt 0.703919549713687 0.8638726083644988
vt 0.6726696736005946 0.8322953238573243
vt 0.6741629942559 0.7995935520732168
vt 0.6974227193543969 0.7987947520927743
vt 0.7011560049363974 0.8313170285069899
vt 0.3175788528351753 0.5958574047550528
vt 0.3493149507750127 0.5875365228626035
vt 0.35511974237358457 0.6029349824790603
vt 0.32578834494120723 0.6176348502532605
vt 0.3493149507750127 0.5875365228626035
vt 0.38124863870612313 0.5797397909675432
vt 0.38425354981468884 0.5877109647074713
vt 0.35511974237358457 0.6029349824790603
vt 0.38524419949742034 0.586656205138703
vt 0.38294876116032195 0.5784525434926404
vt 0.41552077780069285 0.5737616497683564
vt 0.06982764389603463 0.6233129832788571
vt 0.07415195046243597 0.6159734005739427
vt 0.10010422219930715 0.6362075386492035
vt 0.06982764389603463 0.6233129832788571
vt 0.03969859329293647 0.610168031286516
vt 0.04805215102539044 0.5959896591206763
vt 0.07415195046243597 0.6159734005739427
vt 0.03969859329293647 0.610168031286516
vt 0.009853890434529236 0.5965404599985565
vt 0.02166800384365397 0.5764885369630284
vt 0.04805215102539044 0.5959896591206763
vt 0.245772826025629 0.9926822904253836
vt 0.23799502920813104 0.9608838351002403
vt 0.2661344346032006 0.9563448926267606
vt 0.26874927835320056 0.9889761426267607
vt 0.7122761418681988 0.9614228935494119
vt 0.70839684005167 0.928981346468377
vt 0.740114123479165 0.9268002646232578
vt 0.7407121120006195 0.9594674556461011
vt 0.70839684005167 0.928981346468377
vt 0.705599358390382 0.8964654065628219
vt 0.73843431480247 0.8942074664249346
vt 0.740114123479165 0.9268002646232578
vt 0.705599358390382 0.8964654065628219
vt 0.703919549713687 0.8638726083644988
vt 0.735636833141182 0.8616915265193795
vt 0.73843431480247 0.8942074664249346
vt 0.703919549713687 0.8638726083644988
vt 0.7033215611922327 0.8312054173416554
vt 0.7317575313246533 0.8292499794383447
vt 0.735636833141182 0.8616915265193795
vt 0.7033215611922327 0.8312054173416554
vt 0.7036915990632918 0.7984716586761219
vt 0.7269102031156109 0.796875
vt 0.7317575313246533 0.8292499794383447
vt 0.3263034045890945 0.6186205065253014
vt 0.35511974237358457 0.6029349824790603
vt 0.3644463544334475 0.6164930970805571
vt 0.3394936710751995 0.6377952232922303
vt 0.35511974237358457 0.6029349824790603
vt 0.38425354981468884 0.5877109647074713
vt 0.3890815681350812 0.5947294645942317
vt 0.3644463544334475 0.6164930970805571
vt 0.38956850606382165 0.5939957878436174
vt 0.38524419949742034 0.586656205138703
vt 0.41552077780069285 0.5737616497683564
vt 0.07415195046243597 0.6159734005739427
vt 0.08021534851657933 0.6099897306633016
vt 0.10010422219930715 0.6362075386492035
vt 0.07415195046243597 0.6159734005739427
vt 0.04840653713313463 0.5955351240901383
vt 0.06011961642628169 0.5839760610859432
vt 0.08021534851657933 0.6099897306633016
vt 0.04840653713313463 0.5955351240901383
vt 0.023059826702294464 0.5747033872866412
vt 0.03962518143752286 0.5583558518282776
vt 0.0601196164262817 0.5839760610859432
vt 0.26874927835320056 0.9889761426267607
vt 0.2661344346032006 0.9563448926267606
vt 0.29463755960320054 0.9563448926267606
vt 0.29202271585320055 0.9889761426267607
vt 0.2661344346032006 0.9563448926267606
vt 0.26448990335320055 0.9237136426267607
vt 0.29628209085320056 0.9237136426267607
vt 0.2946375596032006 0.9563448926267606
vt 0.26448990335320055 0.9237136426267607
vt 0.26392974710320055 0.8910823926267606
vt 0.29684224710320056 0.8910823926267606
vt 0.29628209085320056 0.9237136426267607
vt 0.002265072607659485 0.8908238824813971
vt 0.006176930775163653 0.8584231167919223
vt 0.03780066685881797 0.8616915265193795
vt 0.03500318519752996 0.8942074664249346
vt 0.2109375 0.6590125
vt 0.21258203125 0.62638125
vt 0.24108515625 0.62638125
vt 0.2427296875 0.6590125
vt 0.21258203125 0.62638125
vt 0.215196875 0.59375
vt 0.2384703125 0.59375
vt 0.24108515625 0.62638125
vt 0.3402299792596313 0.6386286829403444
vt 0.3644463544334475 0.6164930970805571
vt 0.37675097751566244 0.627420329798273
vt 0.35763193148234224 0.6540826452770686
vt 0.3644463544334475 0.6164930970805571
vt 0.3890815681350812 0.5947294645942317
vt 0.39545118502116516 0.6003860609460155
vt 0.37675097751566244 0.627420329798273
vt 0.395631904117965 0.5999794577542583
vt 0.38956850606382165 0.5939957878436174
vt 0.41552077780069285 0.5737616497683564
vt 0.08021534851657933 0.6099897306633016
vt 0.08761152280214858 0.6057629461289322
vt 0.10010422219930715 0.6362075386492035
vt 0.08021534851657933 0.6099897306633016
vt 0.0605788021297275 0.5836277220311428
vt 0.07486649610911403 0.5754625542549179
vt 0.08761152280214858 0.6057629461289322
vt 0.060578802129727494 0.5836277220311428
vt 0.041428596256701165 0.5569877782824082
vt 0.06163512890225398 0.5454400974974793
vt 0.07486649610911403 0.5754625542549179
vt 0.29202271585320055 0.9889761426267607
vt 0.29463755960320054 0.9563448926267606
vt 0.3227769649982701 0.9608838351002403
vt 0.3149991681807721 0.9926822904253836
vt 0.03272538799938056 0.9594674556461011
vt 0.03332337652083492 0.9268002646232578
vt 0.0650406599483299 0.928981346468377
vt 0.06116135813180122 0.9614228935494119
vt 0.03332337652083493 0.9268002646232578
vt 0.03500318519752996 0.8942074664249346
vt 0.06783814160961794 0.8964654065628219
vt 0.06504065994832992 0.928981346468377
vt 0.03500318519752996 0.8942074664249346
vt 0.03780066685881797 0.8616915265193795
vt 0.06951795028631297 0.8638726083644988
vt 0.06783814160961793 0.8964654065628219
vt 0.03780066685881797 0.8616915265193795
vt 0.04167996867534665 0.8292499794383447
vt 0.07011593880776731 0.8312054173416554
vt 0.06951795028631295 0.8638726083644988
vt 0.04167996867534665 0.8292499794383447
vt 0.04652729688438895 0.796875
vt 0.0697459009367081 0.7984716586761218
vt 0.07011593880776733 0.8312054173416554
vt 0.3585465560712546 0.6547153115309913
vt 0.37675097751566244 0.627420329798273
vt 0.39131616244021145 0.6350795433464247
vt 0.3791455334213455 0.665547440832142
vt 0.37675097751566244 0.627420329798273
vt 0.39545118502116516 0.6003860609460155
vt 0.40299100539798255 0.6043509329802468
vt 0.39131616244021145 0.6350795433464247
vt 0.4030280784035343 0.6042062422886277
vt 0.395631904117965 0.5999794577542583
vt 0.41552077780069285 0.5737616497683564
vt 0.08761152280214858 0.6057629461289322
vt 0.09584484719930715 0.6035762886492035
vt 0.10010422219930715 0.6362075386492035
vt 0.08761152280214858 0.6057629461289322
vt 0.07539971084773973 0.5752437537753466
vt 0.09130458475655742 0.5710196384825179
vt 0.09584484719930715 0.6035762886492035
vt 0.07539971084773973 0.5752437537753466
vt 0.06372928678701786 0.5445807762591633
vt 0.08622293442012074 0.5386067734784299
vt 0.09130458475655742 0.5710196384825179
vt 0.3149991681807721 0.9926822904253836
vt 0.3227769649982701 0.9608838351002402
vt 0.3498344942064011 0.9698458799515429
vt 0.3370922444638064 1
vt 0.06780156521021258 0.9617651249036361
vt 0.06727798535961793 0.9290966565628219
vt 0.09905144132330498 0.9301878403964616
vt 0.09628789654601536 0.9627434202539705
vt 0.06727798535961793 0.9290966565628219
vt 0.06783814160961793 0.8964654065628219
vt 0.10073125 0.8975950421981385
vt 0.09905144132330498 0.9301878403964616
vt 0.06783814160961793 0.8964654065628219
vt 0.06951795028631297 0.8638726083644988
vt 0.10129140625 0.8649637921981386
vt 0.10073125 0.8975950421981385
vt 0.06951795028631297 0.8638726083644988
vt 0.0722814950636026 0.8313170285069899
vt 0.10076782639940537 0.8322953238573243
vt 0.10129140625 0.8649637921981386
vt 0.0722814950636026 0.8313170285069899
vt 0.07601478064560298 0.7987947520927743
vt 0.09927450574409999 0.7995935520732168
vt 0.10076782639940537 0.8322953238573243
vt 0.38018514513703894 0.6659424246395171
vt 0.39131616244021145 0.6350795433464247
vt 0.4072926528006928 0.6390241497683564
vt 0.4027800771460942 0.671521128841442
vt 0.39131616244021145 0.6350795433464247
vt 0.40299100539798255 0.6043509329802468
vt 0.41126140280069284 0.6063928997683565
vt 0.4072926528006928 0.6390241497683564
vt 0.41126140280069284 0.6063928997683565
vt 0.4030280784035343 0.6042062422886277
vt 0.41552077780069285 0.5737616497683564
vt 0.09584484719930715 0.6035762886492035
vt 0.10436359719930714 0.6035762886492035
vt 0.10010422219930715 0.6362075386492035
vt 0.09584484719930715 0.6035762886492035
vt 0.09187609719930714 0.5709450386492035
vt 0.10833234719930715 0.5709450386492035
vt 0.10436359719930714 0.6035762886492035
vt 0.09187609719930714 0.5709450386492035
vt 0.08846750344930715 0.5383137886492035
vt 0.11174094094930714 0.5383137886492035
vt 0.10833234719930715 0.5709450386492035
vt 0.10555078125 0.9954887921981386
vt 0.1029359375 0.9628575421981385
vt 0.1314390625 0.9628575421981385
vt 0.12882421875 0.9954887921981386
vt 0.1029359375 0.9628575421981385
vt 0.10129140625 0.9302262921981386
vt 0.13308359375 0.9302262921981386
vt 0.1314390625 0.9628575421981385
vt 0.10129140625 0.9302262921981386
vt 0.10073125 0.8975950421981385
vt 0.13364375 0.8975950421981385
vt 0.13308359375 0.9302262921981386
vt 0.10073125 0.8975950421981385
vt 0.10129140625 0.8649637921981386
vt 0.13308359375 0.8649637921981386
vt 0.13364375 0.8975950421981385
vt 0.10129140625 0.8649637921981386
vt 0.1029359375 0.8323325421981385
vt 0.1314390625 0.8323325421981385
vt 0.13308359375 0.8649637921981386
vt 0.1029359375 0.8323325421981385
vt 0.10555078125 0.7997012921981386
vt 0.12882421875 0.7997012921981386
vt 0.1314390625 0.8323325421981385
vt 0.40388405905069286 0.6716553997683565
vt 0.4072926528006928 0.6390241497683564
vt 0.42374890280069283 0.6390241497683564
vt 0.42715749655069285 0.6716553997683565
vt 0.4072926528006928 0.6390241497683564
vt 0.41126140280069284 0.6063928997683565
vt 0.4197801528006928 0.6063928997683565
vt 0.42374890280069283 0.6390241497683564
vt 0.4197801528006928 0.6063928997683565
vt 0.41126140280069284 0.6063928997683565
vt 0.41552077780069285 0.5737616497683564
vt 0.10436359719930714 0.6035762886492035
vt 0.11259692159646571 0.6057629461289322
vt 0.10010422219930715 0.6362075386492035
vt 0.10436359719930714 0.6035762886492035
vt 0.10833234719930715 0.5709450386492035
vt 0.12430883755978854 0.5748896450711354
vt 0.11263399460201741 0.6056182554373133
vt 0.10833234719930715 0.5709450386492035
vt 0.11284492285390575 0.538448059576118
vt 0.13543985486296103 0.5440267637780429
vt 0.12430883755978854 0.5748896450711354
vt 0.6785327555361935 0.4453125
vt 0.6657905057935989 0.4151583799515429
vt 0.6928480350017299 0.4061963351002402
vt 0.7006258318192279 0.4379947904253836
vt 0.13808710345398467 0.9627434202539705
vt 0.13532355867669502 0.9301878403964616
vt 0.16709701464038207 0.9290966565628219
vt 0.16657343478978745 0.9617651249036361
vt 0.13532355867669502 0.9301878403964616
vt 0.13364375 0.8975950421981385
vt 0.16653685839038207 0.8964654065628219
vt 0.16709701464038207 0.9290966565628219
vt 0.13364375 0.8975950421981385
vt 0.13308359375 0.8649637921981386
vt 0.16485704971368703 0.8638726083644988
vt 0.16653685839038207 0.8964654065628219
vt 0.13308359375 0.8649637921981386
vt 0.13360717360059463 0.8322953238573243
vt 0.1620935049363974 0.8313170285069899
vt 0.16485704971368703 0.8638726083644988
vt 0.13360717360059463 0.8322953238573243
vt 0.13510049425589998 0.7995935520732168
vt 0.158360219354397 0.7987947520927743
vt 0.1620935049363974 0.8313170285069899
vt 0.42940206557987926 0.6713624149391302
vt 0.42432041524344255 0.6389495499350422
vt 0.4402252891522603 0.6347254346422133
vt 0.4518957132129821 0.6653884121583966
vt 0.42432041524344255 0.6389495499350422
vt 0.41978015280069286 0.6063928997683565
vt 0.42801347719785143 0.6042062422886277
vt 0.4402252891522603 0.6347254346422133
vt 0.42801347719785143 0.6042062422886277
vt 0.4197801528006928 0.6063928997683565
vt 0.41552077780069285 0.5737616497683564
vt 0.11259692159646571 0.6057629461289322
vt 0.11999309588203497 0.6099897306633016
vt 0.10010422219930715 0.6362075386492035
vt 0.11263399460201742 0.6056182554373133
vt 0.12430883755978854 0.5748896450711354
vt 0.13887402248433753 0.5825488586192871
vt 0.12017381497883485 0.6095831274715445
vt 0.12430883755978854 0.5748896450711354
vt 0.1364794665786545 0.5444217475854181
vt 0.1570784439287454 0.5552538768865688
vt 0.13887402248433753 0.5825488586192871
vt 0.7006258318192279 0.4379947904253836
vt 0.6928480350017299 0.40619633510024034
vt 0.7209874403967994 0.4016573926267606
vt 0.7236022841467995 0.4342886426267607
vt 0.1732136418681988 0.9614228935494119
vt 0.16933434005167008 0.928981346468377
vt 0.20105162347916508 0.9268002646232578
vt 0.20164961200061945 0.9594674556461011
vt 0.1693343400516701 0.928981346468377
vt 0.16653685839038207 0.8964654065628219
vt 0.19937181480247004 0.8942074664249346
vt 0.20105162347916508 0.9268002646232578
vt 0.16653685839038207 0.8964654065628219
vt 0.16485704971368703 0.8638726083644988
vt 0.19657433314118203 0.8616915265193795
vt 0.19937181480247004 0.8942074664249346
vt 0.16485704971368703 0.8638726083644988
vt 0.16425906119223266 0.8312054173416554
vt 0.19269503132465332 0.8292499794383447
vt 0.19657433314118203 0.8616915265193795
vt 0.16425906119223266 0.8312054173416554
vt 0.16462909906329187 0.7984716586761219
vt 0.18784770311561103 0.796875
vt 0.19269503132465332 0.8292499794383447
vt 0.453989871097746 0.6645290909200807
vt 0.440758503890886 0.6345066341626422
vt 0.4550461978702725 0.6263414663864172
vt 0.47419640374329886 0.6529814101351519
vt 0.44075850389088594 0.6345066341626422
vt 0.42801347719785143 0.6042062422886277
vt 0.43540965148342065 0.5999794577542583
vt 0.4550461978702725 0.6263414663864172
vt 0.43540965148342065 0.5999794577542583
vt 0.42801347719785143 0.6042062422886277
vt 0.41552077780069285 0.5737616497683564
vt 0.11999309588203497 0.6099897306633016
vt 0.12605649393617832 0.6159734005739427
vt 0.10010422219930715 0.6362075386492035
vt 0.12017381497883484 0.6095831274715445
vt 0.13887402248433753 0.5825488586192871
vt 0.15117864556655253 0.593476091337003
vt 0.1265434318649188 0.6152397238233284
vt 0.13887402248433753 0.5825488586192871
vt 0.1579930685176577 0.5558865431404915
vt 0.17539502074036872 0.5713405054772156
vt 0.15117864556655253 0.593476091337003
vt 0.7236022841467995 0.4342886426267607
vt 0.7209874403967994 0.4016573926267606
vt 0.7494905653967995 0.4016573926267606
vt 0.7468757216467994 0.4342886426267607
vt 0.7209874403967994 0.4016573926267606
vt 0.7193429091467994 0.3690261426267607
vt 0.7511350966467994 0.3690261426267607
vt 0.7494905653967995 0.4016573926267606
vt 0.7193429091467994 0.3690261426267607
vt 0.7187827528967995 0.3363948926267606
vt 0.7516952528967995 0.3363948926267606
vt 0.7511350966467994 0.3690261426267607
vt 0.19937181480247004 0.8942074664249346
vt 0.19657433314118203 0.8616915265193795
vt 0.22819806922483635 0.8584231167919223
vt 0.23210992739234051 0.8908238824813971
vt 0.2650828125 0.6590125
vt 0.26672734375 0.62638125
vt 0.29523046875000003 0.62638125
vt 0.296875 0.6590125
vt 0.26672734375 0.62638125
vt 0.2693421875 0.59375
vt 0.292615625 0.59375
vt 0.29523046875000003 0.62638125
vt 0.47599981856247714 0.6516133365892824
vt 0.4555053835737183 0.6259931273316168
vt 0.46721846286686536 0.6144340643274218
vt 0.49256517329770555 0.6352658011309189
vt 0.4555053835737183 0.6259931273316168
vt 0.43540965148342065 0.5999794577542583
vt 0.441473049537564 0.5939957878436174
vt 0.46721846286686536 0.6144340643274218
vt 0.441473049537564 0.5939957878436174
vt 0.43540965148342065 0.5999794577542583
vt 0.41552077780069285 0.5737616497683564
vt 0.12605649393617832 0.6159734005739427
vt 0.13038080050257966 0.6233129832788571
vt 0.10010422219930715 0.6362075386492035
vt 0.1265434318649188 0.6152397238233284
vt 0.15117864556655253 0.593476091337003
vt 0.16050525762641543 0.6070342059384998
vt 0.13137145018531118 0.6222582237100888
vt 0.15117864556655253 0.593476091337003
vt 0.17613132892480043 0.5721739651253297
vt 0.18932159541090549 0.5913486818922585
vt 0.16050525762641543 0.6070342059384998
vt 0.7468757216467994 0.4342886426267607
vt 0.7494905653967995 0.4016573926267606
vt 0.777629970791869 0.40619633510024034
vt 0.769852173974371 0.4379947904253836
vt 0.5171003879993805 0.7329049556461011
vt 0.517698376520835 0.7002377646232578
vt 0.5494156599483299 0.702418846468377
vt 0.5455363581318012 0.7348603935494119
vt 0.517698376520835 0.7002377646232578
vt 0.51937818519753 0.6676449664249346
vt 0.5522131416096179 0.6699029065628219
vt 0.5494156599483299 0.702418846468377
vt 0.51937818519753 0.6676449664249346
vt 0.522175666858818 0.6351290265193795
vt 0.5538929502863129 0.6373101083644988
vt 0.5522131416096179 0.6699029065628219
vt 0.522175666858818 0.6351290265193795
vt 0.5260549686753466 0.6026874794383447
vt 0.5544909388077673 0.6046429173416554
vt 0.5538929502863129 0.6373101083644988
vt 0.5260549686753466 0.6026874794383447
vt 0.530902296884389 0.5703125
vt 0.5541209009367081 0.5719091586761218
vt 0.5544909388077673 0.6046429173416554
vt 0.49395699615634603 0.6334806514545317
vt 0.46757284897460955 0.6139795292968837
vt 0.47592640670706354 0.599801157131044
vt 0.5057711095654708 0.6134287284190034
vt 0.46757284897460955 0.6139795292968837
vt 0.441473049537564 0.5939957878436174
vt 0.44579735610396537 0.586656205138703
vt 0.4759264067070635 0.599801157131044
vt 0.44579735610396537 0.586656205138703
vt 0.441473049537564 0.5939957878436174
vt 0.41552077780069285 0.5737616497683564
vt 0.13038080050257966 0.6233129832788571
vt 0.13267623883967805 0.6315166449249197
vt 0.10010422219930715 0.6362075386492035
vt 0.13137145018531118 0.6222582237100888
vt 0.16050525762641543 0.6070342059384998
vt 0.16631004922498732 0.6224326655549565
vt 0.13437636129387687 0.6302293974500168
vt 0.16050525762641543 0.6070342059384998
vt 0.18983665505879277 0.5923343381642996
vt 0.1980461471648247 0.6141117836625073
vt 0.16631004922498732 0.6224326655549565
vt 0.769852173974371 0.4379947904253836
vt 0.777629970791869 0.4061963351002402
vt 0.8046875 0.4151583799515429
vt 0.7919452502574054 0.4453125
vt 0.5521765652102125 0.7352026249036361
vt 0.5516529853596179 0.7025341565628219
vt 0.583426441323305 0.7036253403964616
vt 0.5806628965460153 0.7361809202539705
vt 0.5516529853596179 0.7025341565628219
vt 0.5522131416096179 0.6699029065628219
vt 0.5851062499999999 0.6710325421981385
vt 0.583426441323305 0.7036253403964616
vt 0.5522131416096179 0.6699029065628219
vt 0.5538929502863129 0.6373101083644988
vt 0.58566640625 0.6384012921981386
vt 0.5851062499999999 0.6710325421981385
vt 0.5538929502863129 0.6373101083644988
vt 0.5566564950636026 0.6047545285069899
vt 0.5851428263994054 0.6057328238573243
vt 0.58566640625 0.6384012921981386
vt 0.5566564950636026 0.6047545285069899
vt 0.560389780645603 0.5722322520927743
vt 0.5836495057441 0.5730310520732168
vt 0.5851428263994054 0.6057328238573243
vt 0.5066580728178565 0.6113461275388882
vt 0.4761522453996627 0.5992708850383658
vt 0.48058650008900977 0.5834233126876079
vt 0.5129292676144596 0.588933519281716
vt 0.4761522453996627 0.5992708850383658
vt 0.44579735610396537 0.586656205138703
vt 0.4480927944410637 0.5784525434926404
vt 0.48058650008900977 0.5834233126876079
vt 0.4480927944410637 0.5784525434926404
vt 0.44579735610396537 0.586656205138703
vt 0.41552077780069285 0.5737616497683564
vt 0.13267623883967805 0.6315166449249197
vt 0.1327889889923975 0.6400346487383469
vt 0.10010422219930715 0.6362075386492035
vt 0.13437636129387687 0.6302293974500168
vt 0.16631004922498732 0.6224326655549565
vt 0.16825455871701955 0.6387736277940015
vt 0.13538295697851033 0.6386884675342623
vt 0.16631004922498732 0.6224326655549565
vt 0.1983099265458522 0.6151921656160961
vt 0.20105997106577433 0.6383025560975408
vt 0.16825455871701955 0.6387736277940015
vt 0.58992578125 0.7689262921981386
vt 0.5873109375 0.7362950421981385
vt 0.6158140624999999 0.7362950421981385
vt 0.6131992187499999 0.7689262921981386
vt 0.5873109375 0.7362950421981385
vt 0.58566640625 0.7036637921981386
vt 0.61745859375 0.7036637921981386
vt 0.6158140624999999 0.7362950421981385
vt 0.58566640625 0.7036637921981386
vt 0.5851062499999999 0.6710325421981385
vt 0.61801875 0.6710325421981385
vt 0.61745859375 0.7036637921981386
vt 0.5851062499999999 0.6710325421981385
vt 0.58566640625 0.6384012921981386
vt 0.61745859375 0.6384012921981386
vt 0.61801875 0.6710325421981385
vt 0.58566640625 0.6384012921981386
vt 0.5873109375 0.6057700421981385
vt 0.6158140624999999 0.6057700421981385
vt 0.61745859375 0.6384012921981386
vt 0.5873109375 0.6057700421981385
vt 0.58992578125 0.5731387921981386
vt 0.6131992187499999 0.5731387921981386
vt 0.6158140624999999 0.6057700421981385
vt 0.5132519348359951 0.5866930246709021
vt 0.4806686576567108 0.5828528376737663
vt 0.48088646481159736 0.5663980291332277
vt 0.5135599710657743 0.5634216257712323
vt 0.4806686576567108 0.5828528376737663
vt 0.4480927944410637 0.5784525434926404
vt 0.4482055445937832 0.569934539679213
vt 0.48088646481159736 0.5663980291332277
vt 0.4482055445937832 0.569934539679213
vt 0.4480927944410637 0.5784525434926404
vt 0.41552077780069285 0.5737616497683564
vt 0.1327889889923975 0.6400346487383469
vt 0.13071149544371724 0.6482961935162739
vt 0.10010422219930715 0.6362075386492035
vt 0.13538295697851033 0.6386884675342623
vt 0.16825455871701955 0.6387736277940015
vt 0.16622540703098143 0.6551042954930746
vt 0.13433254537650885 0.647142208542176
vt 0.16825455871701955 0.6387736277940015
vt 0.20105708992007065 0.6394146695928709
vt 0.19818733922091214 0.6625105009048433
vt 0.16622540703098143 0.6551042954930746
vt 0.6455547497425946 0.5625
vt 0.6328125 0.5323458799515429
vt 0.659870029208131 0.5233838351002402
vt 0.667647826025629 0.5551822904253836
vt 0.6224621034539847 0.7361809202539706
vt 0.619698558676695 0.7036253403964616
vt 0.6514720146403821 0.7025341565628219
vt 0.6509484347897875 0.7352026249036361
vt 0.619698558676695 0.7036253403964616
vt 0.61801875 0.6710325421981385
vt 0.650911858390382 0.6699029065628219
vt 0.6514720146403821 0.7025341565628219
vt 0.61801875 0.6710325421981385
vt 0.61745859375 0.6384012921981386
vt 0.649232049713687 0.6373101083644988
vt 0.650911858390382 0.6699029065628219
vt 0.61745859375 0.6384012921981386
vt 0.6179821736005946 0.6057328238573243
vt 0.6464685049363974 0.6047545285069899
vt 0.649232049713687 0.6373101083644988
vt 0.6179821736005946 0.6057328238573243
vt 0.6194754942559 0.5730310520732168
vt 0.6427352193543969 0.5722322520927743
vt 0.6464685049363974 0.6047545285069899
vt 0.5132967199559524 0.5611733755426952
vt 0.48081943578158104 0.5658255793830458
vt 0.47680619989480544 0.5498661902412397
vt 0.5076209557579346 0.5386026291253765
vt 0.48081943578158104 0.5658255793830458
vt 0.4482055445937832 0.569934539679213
vt 0.4461280510451029 0.5616729949012862
vt 0.47680619989480544 0.5498661902412397
vt 0.4461280510451029 0.5616729949012862
vt 0.4482055445937832 0.569934539679213
vt 0.41552077780069285 0.5737616497683564
vt 0.13071149544371724 0.6482961935162739
vt 0.12658297341853086 0.6557476636698779
vt 0.10010422219930715 0.6362075386492035
vt 0.13433254537650885 0.647142208542176
vt 0.16622540703098143 0.6551042954930746
vt 0.1603409084950368 0.6704724717363042
vt 0.13128637313781055 0.6550977057770874
vt 0.16622540703098143 0.6551042954930746
vt 0.1979179655402645 0.663589501622021
vt 0.18959574699745252 0.6853241185174733
vt 0.1603409084950368 0.6704724717363042
vt 0.667647826025629 0.5551822904253836
vt 0.659870029208131 0.5233838351002402
vt 0.6880094346032005 0.5188448926267606
vt 0.6906242783532006 0.5514761426267607
vt 0.6575886418681988 0.7348603935494119
vt 0.65370934005167 0.702418846468377
vt 0.685426623479165 0.7002377646232578
vt 0.6860246120006195 0.7329049556461011
vt 0.65370934005167 0.702418846468377
vt 0.650911858390382 0.6699029065628219
vt 0.68374681480247 0.6676449664249346
vt 0.685426623479165 0.7002377646232578
vt 0.650911858390382 0.6699029065628219
vt 0.649232049713687 0.6373101083644988
vt 0.680949333141182 0.6351290265193795
vt 0.68374681480247 0.6676449664249346
vt 0.649232049713687 0.6373101083644988
vt 0.6486340611922327 0.6046429173416554
vt 0.6770700313246533 0.6026874794383447
vt 0.680949333141182 0.6351290265193795
vt 0.6486340611922327 0.6046429173416554
vt 0.6490040990632918 0.5719091586761219
vt 0.6722227031156109 0.5703125
vt 0.6770700313246533 0.6026874794383447
vt 0.506789427075486 0.5364972811049283
vt 0.4765944759592333 0.5493301262688874
vt 0.4686191285694199 0.5349356134923362
vt 0.495510201916801 0.5161396787685506
vt 0.4765944759592333 0.5493301262688874
vt 0.4461280510451029 0.5616729949012862
vt 0.44199952901991657 0.5542215247476822
vt 0.4686191285694199 0.5349356134923362
vt 0.44199952901991657 0.5542215247476822
vt 0.4461280510451029 0.5616729949012862
vt 0.41552077780069285 0.5737616497683564
vt 0.12658297341853086 0.6557476636698779
vt 0.12068007991179258 0.6618897276397994
vt 0.10010422219930715 0.6362075386492035
vt 0.13128637313781055 0.6550977057770874
vt 0.1603409084950368 0.6704724717363042
vt 0.15094417224964618 0.6839820798726294
vt 0.1264220542990459 0.6620910957846116
vt 0.1603409084950368 0.6704724717363042
vt 0.18907558723016155 0.686307092852839
vt 0.17578614682234792 0.7054132088033291
vt 0.15094417224964618 0.6839820798726294
vt 0.6906242783532006 0.5514761426267607
vt 0.6880094346032005 0.5188448926267606
vt 0.7165125596032006 0.5188448926267606
vt 0.7138977158532005 0.5514761426267607
vt 0.6880094346032005 0.5188448926267606
vt 0.6863649033532006 0.4862136426267607
vt 0.7181570908532006 0.4862136426267607
vt 0.7165125596032006 0.5188448926267606
vt 0.6863649033532006 0.4862136426267607
vt 0.6858047471032006 0.4535823926267606
vt 0.7187172471032006 0.4535823926267606
vt 0.7181570908532006 0.4862136426267607
vt 0.17414007260765949 0.765823882481397
vt 0.17805193077516365 0.7334231167919223
vt 0.20967566685881797 0.7366915265193795
vt 0.20687818519752996 0.7692074664249346
vt 0.3515625 0.948075
vt 0.35320703125 0.91544375
vt 0.38171015625 0.91544375
vt 0.3833546875 0.948075
vt 0.35320703125 0.91544375
vt 0.355821875 0.8828125
vt 0.3790953125 0.8828125
vt 0.38171015625 0.91544375
vt 0.49416611735222454 0.514318314741178
vt 0.4682768975919918 0.5344718575592886
vt 0.45687387587281214 0.5226068139548842
vt 0.4780392650442886 0.49753804276172464
vt 0.4682768975919918 0.5344718575592886
vt 0.44199952901991657 0.5542215247476822
vt 0.4360966355131783 0.5480794607777607
vt 0.45687387587281214 0.5226068139548842
vt 0.4360966355131783 0.5480794607777607
vt 0.44199952901991657 0.5542215247476822
vt 0.41552077780069285 0.5737616497683564
vt 0.12068007991179258 0.6618897276397994
vt 0.11339837458605136 0.666310798676502
vt 0.10010422219930715 0.6362075386492035
vt 0.1264220542990459 0.6620910957846116
vt 0.15094417224964618 0.6839820798726294
vt 0.13858309648470585 0.6948454113135781
vt 0.12002321409106503 0.6677146129718554
vt 0.15094417224964618 0.6839820798726294
vt 0.17504553007285079 0.7062428421909529
vt 0.1575637390057424 0.721606431424995
vt 0.13858309648470588 0.6948454113135781
vt 0.7138977158532005 0.5514761426267607
vt 0.7165125596032006 0.5188448926267606
vt 0.7446519649982701 0.5233838351002402
vt 0.7368741681807721 0.5551822904253836
vt 0.20460038799938057 0.8344674556461011
vt 0.20519837652083492 0.8018002646232578
vt 0.23691565994832992 0.803981346468377
vt 0.23303635813180124 0.8364228935494119
vt 0.20519837652083495 0.8018002646232578
vt 0.20687818519752996 0.7692074664249346
vt 0.23971314160961793 0.7714654065628219
vt 0.23691565994832992 0.803981346468377
vt 0.20687818519752996 0.7692074664249346
vt 0.20967566685881797 0.7366915265193795
vt 0.24139295028631297 0.7388726083644988
vt 0.23971314160961793 0.7714654065628219
vt 0.20967566685881797 0.7366915265193795
vt 0.21355496867534665 0.7042499794383447
vt 0.24199093880776731 0.7062054173416554
vt 0.24139295028631297 0.7388726083644988
vt 0.21355496867534665 0.7042499794383447
vt 0.21840229688438895 0.671875
vt 0.2416209009367081 0.6734716586761218
vt 0.24199093880776734 0.7062054173416554
vt 0.47627269324547594 0.4961227144194027
vt 0.456424071143751 0.522246442877989
vt 0.4423575046560939 0.5137059586229353
vt 0.45637889265359854 0.4840442380636274
vt 0.456424071143751 0.522246442877989
vt 0.4360966355131783 0.5480794607777607
vt 0.42881493018743705 0.543658389741058
vt 0.4423575046560939 0.5137059586229353
vt 0.42881493018743705 0.543658389741058
vt 0.4360966355131783 0.5480794607777607
vt 0.41552077780069285 0.5737616497683564
vt 0.11339837458605136 0.666310798676502
vt 0.10522581286488772 0.6687146157403134
vt 0.10010422219930715 0.6362075386492035
vt 0.12002321409106505 0.6677146129718554
vt 0.13858309648470585 0.6948454113135781
vt 0.12397842198296405 0.702429054683402
vt 0.1124629515214205 0.671640365312558
vt 0.13858309648470585 0.6948454113135781
vt 0.15664584862683942 0.7222343501934779
vt 0.13599102269601487 0.7329596035160687
vt 0.12397842198296405 0.702429054683402
vt 0.7368741681807721 0.5551822904253836
vt 0.7446519649982701 0.5233838351002402
vt 0.7717094942064011 0.532345879951543
vt 0.7589672444638065 0.5625
vt 0.23967656521021258 0.8367651249036361
vt 0.23915298535961793 0.8040966565628219
vt 0.270926441323305 0.8051878403964616
vt 0.26816289654601533 0.8377434202539705
vt 0.23915298535961793 0.8040966565628219
vt 0.23971314160961793 0.7714654065628219
vt 0.27260625 0.7725950421981385
vt 0.270926441323305 0.8051878403964616
vt 0.23971314160961793 0.7714654065628219
vt 0.24139295028631297 0.7388726083644988
vt 0.27316640625 0.7399637921981386
vt 0.27260625 0.7725950421981385
vt 0.24139295028631297 0.7388726083644988
vt 0.2441564950636026 0.7063170285069899
vt 0.2726428263994054 0.7072953238573243
vt 0.27316640625 0.7399637921981386
vt 0.2441564950636026 0.7063170285069899
vt 0.24788978064560296 0.6737947520927743
vt 0.2711495057441 0.6745935520732168
vt 0.2726428263994054 0.7072953238573243
vt 0.45430821362246065 0.48312978818148766
vt 0.4418302681060711 0.5134731212812816
vt 0.4260427735999641 0.5088295040186144
vt 0.4319805711358994 0.4765625
vt 0.4418302681060711 0.5134731212812816
vt 0.42881493018743705 0.543658389741058
vt 0.4206423684662734 0.5412545726772465
vt 0.4260427735999641 0.5088295040186144
vt 0.4206423684662734 0.5412545726772465
vt 0.42881493018743705 0.543658389741058
vt 0.41552077780069285 0.5737616497683564
vt 0.10349839691815779 0.668940096293406
vt 0.09498263153372657 0.6687146157403134
vt 0.10010422219930715 0.6362075386492035
vt 0.10349839691815779 0.668940096293406
vt 0.10660204845991667 0.7016649614609256
vt 0.09015156404523772 0.7012293853081063
vt 0.09498263153372656 0.6687146157403134
vt 0.10660204845991667 0.7016649614609256
vt 0.1091457400071197 0.734375
vt 0.08588045655130475 0.7337589815043444
vt 0.09015156404523772 0.7012293853081063
vt 0.27742578125 0.8704887921981386
vt 0.2748109375 0.8378575421981385
vt 0.30331406250000004 0.8378575421981385
vt 0.30069921875 0.8704887921981386
vt 0.2748109375 0.8378575421981385
vt 0.27316640625 0.8052262921981386
vt 0.30495859375 0.8052262921981386
vt 0.30331406250000004 0.8378575421981385
vt 0.27316640625 0.8052262921981386
vt 0.27260625 0.7725950421981385
vt 0.30551875 0.7725950421981385
vt 0.30495859375 0.8052262921981386
vt 0.27260625 0.7725950421981385
vt 0.27316640625 0.7399637921981386
vt 0.30495859375 0.7399637921981386
vt 0.30551875 0.7725950421981385
vt 0.27316640625 0.7399637921981386
vt 0.2748109375 0.7073325421981385
vt 0.30331406250000004 0.7073325421981385
vt 0.30495859375 0.7399637921981386
vt 0.2748109375 0.7073325421981385
vt 0.27742578125 0.6747012921981386
vt 0.30069921875 0.6747012921981386
vt 0.30331406250000004 0.7073325421981385
vt 0.00008203124999999964 1
vt 0.0034906250000000007 0.96875
vt 0.019946875 0.96875
vt 0.02335546875 1
vt 0.4254734359547622 0.5087398031094537
vt 0.4206423684662734 0.5412545726772465
vt 0.4121266030818422 0.541029092124154
vt 0.4090229515400833 0.5083042269566344
vt 0.4121266030818422 0.541029092124154
vt 0.4206423684662734 0.5412545726772465
vt 0.41552077780069285 0.5737616497683564
vn 0.03378266443126181 0.9914448613738106 0.126078620072519
vn 0.09904576054128773 0.9238795325112868 0.3696438106143861
vn 0.15755905175128287 0.7933533402912352 0.5880183863281625
vn 0.20533495396307244 0.6087614290087208 0.7663204807600037
vn 0.2391176183943344 0.3826834323650903 0.8923991008325226
vn 0.2566048122925706 0.13052619222005118 0.9576621969425488
vn 0.25660481229257054 -0.13052619222005102 0.9576621969425487
vn 0.23911761839433418 -0.38268343236509045 0.8923991008325226
vn 0.20533495396307241 -0.6087614290087203 0.7663204807600043
vn 0.15755905175128315 -0.793353340291235 0.5880183863281626
vn 0.09904576054128757 -0.9238795325112867 0.36964381061438606
vn 0.033782664431261905 -0.9914448613738104 0.12607862007251924
vn 0.06526309611002576 0.9914448613738106 0.11303899832181535
vn 0.19134171618254484 0.9238795325112867 0.33141357403559185
vn 0.3043807145043603 0.7933533402912354 0.5272028623656692
vn 0.3966766701456177 0.6087614290087209 0.68706414686945
vn 0.4619397662556433 0.3826834323650901 0.8001031451912657
vn 0.49572243068690514 0.1305261922200513 0.8586164364012613
vn 0.4957224306869052 -0.13052619222005118 0.8586164364012613
vn 0.4619397662556433 -0.3826834323650904 0.8001031451912656
vn 0.39667667014561786 -0.6087614290087204 0.6870641468694503
vn 0.3043807145043601 -0.7933533402912353 0.5272028623656692
vn 0.19134171618254475 -0.9238795325112867 0.33141357403559185
vn 0.06526309611002588 -0.9914448613738104 0.1130389983218156
vn 0.09229595564125719 0.9914448613738104 0.09229595564125719
vn 0.2705980500730985 0.9238795325112868 0.27059805007309845
vn 0.43045933457687935 0.7933533402912352 0.43045933457687935
vn 0.560985526796931 0.6087614290087208 0.560985526796931
vn 0.6532814824381882 0.3826834323650902 0.6532814824381882
vn 0.7010573846499779 0.1305261922200514 0.7010573846499779
vn 0.7010573846499779 -0.13052619222005132 0.7010573846499779
vn 0.6532814824381882 -0.3826834323650904 0.6532814824381882
vn 0.5609855267969311 -0.6087614290087204 0.5609855267969311
vn 0.43045933457687935 -0.7933533402912352 0.4304593345768794
vn 0.2705980500730986 -0.9238795325112867 0.2705980500730985
vn 0.0922959556412574 -0.9914448613738104 0.0922959556412574
vn 0.11303899832181534 0.9914448613738106 0.06526309611002576
vn 0.33141357403559185 0.9238795325112867 0.19134171618254475
vn 0.5272028623656692 0.7933533402912352 0.3043807145043604
vn 0.6870641468694499 0.6087614290087208 0.39667667014561764
vn 0.8001031451912655 0.3826834323650903 0.4619397662556433
vn 0.8586164364012611 0.13052619222005138 0.49572243068690514
vn 0.8586164364012611 -0.1305261922200513 0.4957224306869052
vn 0.8001031451912655 -0.38268343236509045 0.4619397662556434
vn 0.6870641468694503 -0.6087614290087204 0.3966766701456179
vn 0.5272028623656693 -0.7933533402912354 0.3043807145043603
vn 0.33141357403559185 -0.923879532511287 0.19134171618254475
vn 0.11303899832181558 -0.9914448613738104 0.06526309611002588
vn 0.126078620072519 0.9914448613738106 0.03378266443126182
vn 0.36964381061438617 0.9238795325112867 0.09904576054128768
vn 0.5880183863281625 0.7933533402912354 0.1575590517512829
vn 0.7663204807600038 0.6087614290087208 0.20533495396307255
vn 0.8923991008325227 0.3826834323650901 0.23911761839433446
vn 0.9576621969425486 0.13052619222005127 0.2566048122925706
vn 0.9576621969425487 -0.13052619222005116 0.2566048122925707
vn 0.8923991008325227 -0.3826834323650903 0.23911761839433426
vn 0.7663204807600041 -0.6087614290087204 0.20533495396307247
vn 0.5880183863281625 -0.7933533402912354 0.1575590517512831
vn 0.36964381061438606 -0.9238795325112867 0.09904576054128776
vn 0.12607862007251924 -0.9914448613738104 0.03378266443126191
vn 0.13052619222005152 0.9914448613738106 0
vn 0.3826834323650897 0.9238795325112867 1.0094934015142072e-16
vn 0.6087614290087207 0.7933533402912352 2.8552785190950785e-16
vn 0.793353340291235 0.6087614290087208 3.4969877226562693e-16
vn 0.9238795325112866 0.3826834323650902 3.6578656550408325e-16
vn 0.9914448613738105 0.13052619222005113 8.328320562492206e-16
vn 0.9914448613738106 -0.13052619222005102 4.441694009692442e-16
vn 0.9238795325112866 -0.38268343236509056 4.66265029687503e-16
vn 0.7933533402912355 -0.6087614290087204 5.710557038190153e-16
vn 0.6087614290087208 -0.7933533402912353 2.0189868030284126e-16
vn 0.3826834323650897 -0.9238795325112867 0
vn 0.13052619222005177 -0.9914448613738104 0
vn 0.12607862007251902 0.9914448613738106 -0.0337826644312618
vn 0.36964381061438606 0.9238795325112868 -0.09904576054128776
vn 0.5880183863281624 0.7933533402912354 -0.157559051751283
vn 0.7663204807600036 0.6087614290087208 -0.20533495396307272
vn 0.8923991008325226 0.38268343236509017 -0.23911761839433468
vn 0.9576621969425485 0.13052619222005155 -0.25660481229257115
vn 0.9576621969425487 -0.13052619222005146 -0.2566048122925709
vn 0.8923991008325226 -0.3826834323650904 -0.23911761839433449
vn 0.7663204807600041 -0.6087614290087204 -0.20533495396307275
vn 0.5880183863281625 -0.7933533402912353 -0.1575590517512834
vn 0.36964381061438617 -0.9238795325112867 -0.0990457605412877
vn 0.12607862007251924 -0.9914448613738104 -0.03378266443126188
vn 0.11303899832181538 0.9914448613738106 -0.06526309611002575
vn 0.33141357403559185 0.9238795325112867 -0.19134171618254478
vn 0.527202862365669 0.7933533402912355 -0.3043807145043603
vn 0.6870641468694499 0.6087614290087209 -0.3966766701456175
vn 0.8001031451912657 0.3826834323650901 -0.4619397662556432
vn 0.8586164364012612 0.13052619222005127 -0.49572243068690497
vn 0.8586164364012613 -0.13052619222005118 -0.4957224306869051
vn 0.8001031451912656 -0.3826834323650904 -0.4619397662556432
vn 0.6870641468694503 -0.6087614290087203 -0.39667667014561764
vn 0.5272028623656693 -0.7933533402912354 -0.3043807145043601
vn 0.33141357403559185 -0.9238795325112867 -0.1913417161825447
vn 0.1130389983218156 -0.9914448613738104 -0.06526309611002587
vn 0.09229595564125721 0.9914448613738104 -0.09229595564125716
vn 0.2705980500730986 0.923879532511287 -0.2705980500730984
vn 0.4304593345768795 0.7933533402912352 -0.43045933457687924
vn 0.5609855267969311 0.6087614290087208 -0.5609855267969307
vn 0.6532814824381884 0.3826834323650903 -0.6532814824381878
vn 0.7010573846499781 0.13052619222005143 -0.7010573846499778
vn 0.7010573846499781 -0.13052619222005132 -0.7010573846499778
vn 0.6532814824381882 -0.3826834323650904 -0.6532814824381882
vn 0.5609855267969313 -0.6087614290087205 -0.560985526796931
vn 0.4304593345768796 -0.7933533402912353 -0.4304593345768794
vn 0.2705980500730985 -0.923879532511287 -0.27059805007309845
vn 0.09229595564125741 -0.9914448613738104 -0.09229595564125735
vn 0.06526309611002577 0.9914448613738106 -0.11303899832181537
vn 0.19134171618254484 0.9238795325112868 -0.33141357403559185
vn 0.3043807145043606 0.7933533402912353 -0.5272028623656692
vn 0.39667667014561764 0.6087614290087209 -0.6870641468694499
vn 0.4619397662556433 0.3826834323650902 -0.8001031451912654
vn 0.49572243068690514 0.13052619222005138 -0.8586164364012611
vn 0.4957224306869052 -0.1305261922200513 -0.858616436401261
vn 0.4619397662556436 -0.3826834323650906 -0.8001031451912652
vn 0.39667667014561786 -0.6087614290087203 -0.6870641468694502
vn 0.3043807145043602 -0.793353340291235 -0.5272028623656692
vn 0.19134171618254495 -0.9238795325112867 -0.3314135740355918
vn 0.0652630961100259 -0.9914448613738104 -0.11303899832181558
vn 0.0337826644312618 0.9914448613738106 -0.12607862007251902
vn 0.0990457605412876 0.9238795325112868 -0.3696438106143861
vn 0.15755905175128274 0.7933533402912353 -0.5880183863281625
vn 0.20533495396307236 0.6087614290087207 -0.7663204807600038
vn 0.23911761839433426 0.38268343236509006 -0.8923991008325227
vn 0.2566048122925704 0.13052619222005124 -0.9576621969425487
vn 0.2566048122925705 -0.13052619222005116 -0.9576621969425487
vn 0.23911761839433401 -0.3826834323650902 -0.8923991008325227
vn 0.20533495396307233 -0.6087614290087204 -0.766320480760004
vn 0.15755905175128304 -0.7933533402912354 -0.5880183863281625
vn 0.09904576054128772 -0.9238795325112867 -0.3696438106143861
vn 0.03378266443126189 -0.9914448613738104 -0.12607862007251924
vn 0 0.9914448613738106 -0.13052619222005152
vn 0 0.9238795325112868 -0.3826834323650898
vn 0 0.7933533402912352 -0.6087614290087208
vn 0 0.6087614290087208 -0.793353340291235
vn 0 0.3826834323650903 -0.9238795325112867
vn 0 0.13052619222005113 -0.9914448613738105
vn 0 -0.13052619222005102 -0.9914448613738106
vn 0 -0.38268343236509045 -0.9238795325112865
vn 0 -0.6087614290087204 -0.7933533402912355
vn 0 -0.7933533402912352 -0.6087614290087209
vn 0 -0.9238795325112867 -0.3826834323650898
vn 0 -0.9914448613738104 -0.13052619222005177
vn -0.0337826644312618 0.9914448613738106 -0.126078620072519
vn -0.09904576054128765 0.9238795325112867 -0.36964381061438617
vn -0.15755905175128304 0.7933533402912352 -0.5880183863281625
vn -0.20533495396307236 0.6087614290087209 -0.7663204807600036
vn -0.2391176183943343 0.3826834323650903 -0.8923991008325227
vn -0.25660481229257043 0.13052619222005116 -0.9576621969425488
vn -0.25660481229257054 -0.13052619222005107 -0.9576621969425488
vn -0.23911761839433401 -0.3826834323650906 -0.8923991008325228
vn -0.20533495396307258 -0.6087614290087204 -0.7663204807600039
vn -0.15755905175128312 -0.793353340291235 -0.5880183863281626
vn -0.09904576054128769 -0.9238795325112868 -0.3696438106143861
vn -0.033782664431261884 -0.9914448613738104 -0.12607862007251924
vn -0.06526309611002576 0.9914448613738106 -0.11303899832181535
vn -0.19134171618254484 0.923879532511287 -0.33141357403559185
vn -0.3043807145043604 0.7933533402912352 -0.5272028623656692
vn -0.3966766701456174 0.608761429008721 -0.6870641468694499
vn -0.46193976625564326 0.38268343236509 -0.8001031451912656
vn -0.495722430686905 0.1305261922200513 -0.8586164364012612
vn -0.4957224306869052 -0.13052619222005118 -0.8586164364012611
vn -0.4619397662556435 -0.3826834323650903 -0.8001031451912654
vn -0.3966766701456177 -0.6087614290087207 -0.6870641468694502
vn -0.3043807145043603 -0.7933533402912352 -0.5272028623656693
vn -0.19134171618254472 -0.9238795325112868 -0.33141357403559185
vn -0.06526309611002587 -0.9914448613738104 -0.11303899832181559
vn -0.09229595564125716 0.9914448613738104 -0.09229595564125721
vn -0.2705980500730985 0.9238795325112868 -0.2705980500730986
vn -0.4304593345768793 0.7933533402912352 -0.4304593345768796
vn -0.5609855267969306 0.608761429008721 -0.560985526796931
vn -0.6532814824381881 0.38268343236509 -0.6532814824381884
vn -0.7010573846499777 0.13052619222005143 -0.7010573846499781
vn -0.7010573846499777 -0.13052619222005132 -0.7010573846499781
vn -0.6532814824381882 -0.3826834323650904 -0.6532814824381882
vn -0.560985526796931 -0.6087614290087205 -0.5609855267969313
vn -0.4304593345768794 -0.7933533402912353 -0.4304593345768797
vn -0.27059805007309856 -0.9238795325112867 -0.27059805007309856
vn -0.09229595564125738 -0.9914448613738104 -0.09229595564125742
vn -0.11303899832181528 0.9914448613738104 -0.06526309611002581
vn -0.3314135740355917 0.9238795325112867 -0.19134171618254509
vn -0.5272028623656692 0.7933533402912353 -0.3043807145043607
vn -0.6870641468694498 0.6087614290087211 -0.3966766701456177
vn -0.8001031451912654 0.38268343236509 -0.46193976625564376
vn -0.8586164364012607 0.13052619222005135 -0.49572243068690564
vn -0.8586164364012608 -0.1305261922200513 -0.4957224306869057
vn -0.800103145191265 -0.38268343236509067 -0.461939766255644
vn -0.68706414686945 -0.6087614290087204 -0.39667667014561814
vn -0.527202862365669 -0.7933533402912352 -0.3043807145043606
vn -0.3314135740355918 -0.9238795325112868 -0.1913417161825451
vn -0.11303899832181553 -0.9914448613738104 -0.06526309611002595
vn -0.12607862007251902 0.9914448613738106 -0.03378266443126185
vn -0.3696438106143861 0.9238795325112867 -0.09904576054128783
vn -0.5880183863281625 0.7933533402912354 -0.1575590517512832
vn -0.7663204807600036 0.6087614290087208 -0.20533495396307283
vn -0.8923991008325226 0.3826834323650901 -0.2391176183943347
vn -0.9576621969425487 0.13052619222005132 -0.2566048122925708
vn -0.9576621969425486 -0.1305261922200512 -0.2566048122925709
vn -0.8923991008325225 -0.3826834323650904 -0.2391176183943346
vn -0.7663204807600039 -0.6087614290087204 -0.20533495396307294
vn -0.5880183863281624 -0.7933533402912352 -0.15755905175128337
vn -0.36964381061438617 -0.9238795325112868 -0.099045760541288
vn -0.12607862007251924 -0.9914448613738105 -0.03378266443126194
vn -0.1305261922200515 0.9914448613738106 0
vn -0.3826834323650898 0.9238795325112867 -1.0094934015142079e-16
vn -0.6087614290087207 0.7933533402912352 -2.855278519095081e-16
vn -0.793353340291235 0.6087614290087208 -3.496987722656272e-16
vn -0.9238795325112867 0.3826834323650902 -3.657865655040836e-16
vn -0.9914448613738105 0.13052619222005113 -8.328320562492212e-16
vn -0.9914448613738106 -0.13052619222005105 -4.441694009692445e-16
vn -0.9238795325112866 -0.3826834323650905 -4.662650296875033e-16
vn -0.7933533402912354 -0.6087614290087204 -5.710557038190158e-16
vn -0.6087614290087209 -0.7933533402912352 -2.0189868030284144e-16
vn -0.38268343236508984 -0.9238795325112868 0
vn -0.13052619222005174 -0.9914448613738104 0
vn -0.12607862007251905 0.9914448613738106 0.03378266443126181
vn -0.36964381061438606 0.9238795325112867 0.09904576054128782
vn -0.5880183863281625 0.7933533402912354 0.15755905175128315
vn -0.7663204807600036 0.6087614290087208 0.20533495396307283
vn -0.8923991008325226 0.38268343236509017 0.23911761839433476
vn -0.9576621969425486 0.1305261922200515 0.25660481229257115
vn -0.9576621969425486 -0.1305261922200514 0.2566048122925709
vn -0.8923991008325225 -0.3826834323650904 0.23911761839433454
vn -0.7663204807600041 -0.6087614290087204 0.20533495396307286
vn -0.5880183863281625 -0.7933533402912352 0.15755905175128337
vn -0.36964381061438606 -0.9238795325112867 0.09904576054128753
vn -0.12607862007251927 -0.9914448613738105 0.03378266443126189
vn -0.11303899832181531 0.9914448613738104 0.06526309611002577
vn -0.3314135740355918 0.9238795325112868 0.1913417161825449
vn -0.5272028623656692 0.7933533402912353 0.30438071450436044
vn -0.6870641468694498 0.6087614290087209 0.3966766701456178
vn -0.8001031451912654 0.38268343236509006 0.46193976625564337
vn -0.8586164364012611 0.1305261922200513 0.49572243068690525
vn -0.8586164364012611 -0.13052619222005116 0.4957224306869054
vn -0.8001031451912652 -0.3826834323650902 0.4619397662556434
vn -0.6870641468694502 -0.6087614290087204 0.3966766701456177
vn -0.5272028623656692 -0.7933533402912354 0.3043807145043604
vn -0.33141357403559174 -0.9238795325112868 0.19134171618254517
vn -0.11303899832181556 -0.9914448613738104 0.0652630961100259
vn -0.09229595564125721 0.9914448613738104 0.09229595564125716
vn -0.27059805007309856 0.923879532511287 0.2705980500730984
vn -0.4304593345768795 0.7933533402912352 0.43045933457687924
vn -0.5609855267969314 0.6087614290087208 0.5609855267969305
vn -0.6532814824381884 0.3826834323650903 0.6532814824381878
vn -0.7010573846499781 0.13052619222005143 0.7010573846499778
vn -0.7010573846499781 -0.13052619222005132 0.7010573846499778
vn -0.6532814824381882 -0.3826834323650904 0.6532814824381882
vn -0.5609855267969311 -0.6087614290087204 0.5609855267969313
vn -0.4304593345768796 -0.7933533402912353 0.4304593345768794
vn -0.2705980500730987 -0.9238795325112868 0.27059805007309845
vn -0.09229595564125742 -0.9914448613738105 0.09229595564125737
vn -0.06526309611002584 0.9914448613738106 0.11303899832181531
vn -0.19134171618254517 0.923879532511287 0.3314135740355917
vn -0.3043807145043608 0.793353340291235 0.527202862365669
vn -0.3966766701456177 0.6087614290087211 0.6870641468694497
vn -0.4619397662556438 0.38268343236509 0.8001031451912652
vn -0.49572243068690575 0.13052619222005138 0.8586164364012606
vn -0.4957224306869057 -0.13052619222005127 0.8586164364012606
vn -0.461939766255644 -0.38268343236509056 0.8001031451912648
vn -0.3966766701456183 -0.6087614290087204 0.68706414686945
vn -0.30438071450436066 -0.793353340291235 0.5272028623656692
vn -0.19134171618254517 -0.9238795325112868 0.33141357403559174
vn -0.06526309611002595 -0.9914448613738104 0.11303899832181553
vn -0.033782664431261857 0.9914448613738106 0.12607862007251902
vn -0.09904576054128783 0.9238795325112867 0.3696438106143861
vn -0.15755905175128315 0.793353340291235 0.5880183863281625
vn -0.20533495396307283 0.6087614290087208 0.7663204807600036
vn -0.2391176183943347 0.3826834323650901 0.8923991008325226
vn -0.2566048122925708 0.13052619222005132 0.9576621969425487
vn -0.2566048122925709 -0.1305261922200512 0.9576621969425486
vn -0.23911761839433454 -0.38268343236509034 0.8923991008325225
vn -0.2053349539630729 -0.6087614290087204 0.7663204807600038
vn -0.15755905175128343 -0.7933533402912353 0.5880183863281624
vn -0.09904576054128796 -0.9238795325112867 0.3696438106143861
vn -0.03378266443126194 -0.9914448613738105 0.12607862007251924
vn 0 0.9914448613738106 0.13052619222005152
vn 0 0.9238795325112868 0.3826834323650898
vn 0 0.7933533402912352 0.6087614290087207
vn 0 0.6087614290087208 0.793353340291235
vn 0 0.3826834323650903 0.9238795325112867
vn 0 0.13052619222005113 0.9914448613738105
vn 0 -0.13052619222005102 0.9914448613738106
vn 0 -0.3826834323650905 0.9238795325112866
vn 0 -0.6087614290087203 0.7933533402912354
vn 0 -0.793353340291235 0.6087614290087209
vn 0 -0.9238795325112867 0.3826834323650897
vn 0 -0.9914448613738104 0.13052619222005177
usemtl m_e2eb4fa8-151d-648b-a400-ca344085f363
f 65/265/73 76/266/73 64/267/73
f 65/268/74 66/269/74 77/270/74 76/271/74
f 66/272/75 67/273/75 78/274/75 77/275/75
f 67/276/76 68/277/76 79/278/76 78/279/76
f 68/280/77 69/281/77 80/282/77 79/283/77
f 69/284/78 70/285/78 81/286/78 80/287/78
f 70/288/79 71/289/79 82/290/79 81/291/79
f 71/292/80 72/293/80 83/294/80 82/295/80
f 72/296/81 73/297/81 84/298/81 83/299/81
f 73/300/82 74/301/82 85/302/82 84/303/82
f 74/304/83 75/305/83 86/306/83 85/307/83
f 86/308/84 75/309/84 63/310/84
f 76/311/85 87/312/85 64/313/85
f 76/314/86 77/315/86 88/316/86 87/317/86
f 77/318/87 78/319/87 89/320/87 88/321/87
f 78/322/88 79/323/88 90/324/88 89/325/88
f 79/326/89 80/327/89 91/328/89 90/329/89
f 80/330/90 81/331/90 92/332/90 91/333/90
f 81/334/91 82/335/91 93/336/91 92/337/91
f 82/338/92 83/339/92 94/340/92 93/341/92
f 83/342/93 84/343/93 95/344/93 94/345/93
f 84/346/94 85/347/94 96/348/94 95/349/94
f 85/350/95 86/351/95 97/352/95 96/353/95
f 97/354/96 86/355/96 63/356/96
f 87/357/97 98/358/97 64/359/97
f 87/360/98 88/361/98 99/362/98 98/363/98
f 88/364/99 89/365/99 100/366/99 99/367/99
f 89/368/100 90/369/100 101/370/100 100/371/100
f 90/372/101 91/373/101 102/374/101 101/375/101
f 91/376/102 92/377/102 103/378/102 102/379/102
f 92/380/103 93/381/103 104/382/103 103/383/103
f 93/384/104 94/385/104 105/386/104 104/387/104
f 94/388/105 95/389/105 106/390/105 105/391/105
f 95/392/106 96/393/106 107/394/106 106/395/106
f 96/396/107 97/397/107 108/398/107 107/399/107
f 108/400/108 97/401/108 63/402/108
f 98/403/109 109/404/109 64/405/109
f 98/406/110 99/407/110 110/408/110 109/409/110
f 99/410/111 100/411/111 111/412/111 110/413/111
f 100/414/112 101/415/112 112/416/112 111/417/112
f 101/418/113 102/419/113 113/420/113 112/421/113
f 102/422/114 103/423/114 114/424/114 113/425/114
f 103/426/115 104/427/115 115/428/115 114/429/115
f 104/430/116 105/431/116 116/432/116 115/433/116
f 105/434/117 106/435/117 117/436/117 116/437/117
f 106/438/118 107/439/118 118/440/118 117/441/118
f 107/442/119 108/443/119 119/444/119 118/445/119
f 119/446/120 108/447/120 63/448/120
f 109/449/121 120/450/121 64/451/121
f 109/452/122 110/453/122 121/454/122 120/455/122
f 110/456/123 111/457/123 122/458/123 121/459/123
f 111/460/124 112/461/124 123/462/124 122/463/124
f 112/464/125 113/465/125 124/466/125 123/467/125
f 113/468/126 114/469/126 125/470/126 124/471/126
f 114/472/127 115/473/127 126/474/127 125/475/127
f 115/476/128 116/477/128 127/478/128 126/479/128
f 116/480/129 117/481/129 128/482/129 127/483/129
f 117/484/130 118/485/130 129/486/130 128/487/130
f 118/488/131 119/489/131 130/490/131 129/491/131
f 130/492/132 119/493/132 63/494/132
f 120/495/133 131/496/133 64/497/133
f 120/498/134 121/499/134 132/500/134 131/501/134
f 121/502/135 122/503/135 133/504/135 132/505/135
f 122/506/136 123/507/136 134/508/136 133/509/136
f 123/510/137 124/511/137 135/512/137 134/513/137
f 124/514/138 125/515/138 136/516/138 135/517/138
f 125/518/139 126/519/139 137/520/139 136/521/139
f 126/522/140 127/523/140 138/524/140 137/525/140
f 127/526/141 128/527/141 139/528/141 138/529/141
f 128/530/142 129/531/142 140/532/142 139/533/142
f 129/534/143 130/535/143 141/536/143 140/537/143
f 141/538/144 130/539/144 63/540/144
f 131/541/145 142/542/145 64/543/145
f 131/544/146 132/545/146 143/546/146 142/547/146
f 132/548/147 133/549/147 144/550/147 143/551/147
f 133/552/148 134/553/148 145/554/148 144/555/148
f 134/556/149 135/557/149 146/558/149 145/559/149
f 135/560/150 136/561/150 147/562/150 146/563/150
f 136/564/151 137/565/151 148/566/151 147/567/151
f 137/568/152 138/569/152 149/570/152 148/571/152
f 138/572/153 139/573/153 150/574/153 149/575/153
f 139/576/154 140/577/154 151/578/154 150/579/154
f 140/580/155 141/581/155 152/582/155 151/583/155
f 152/584/156 141/585/156 63/586/156
f 142/587/157 153/588/157 64/589/157
f 142/590/158 143/591/158 154/592/158 153/593/158
f 143/594/159 144/595/159 155/596/159 154/597/159
f 144/598/160 145/599/160 156/600/160 155/601/160
f 145/602/161 146/603/161 157/604/161 156/605/161
f 146/606/162 147/607/162 158/608/162 157/609/162
f 147/610/163 148/611/163 159/612/163 158/613/163
f 148/614/164 149/615/164 160/616/164 159/617/164
f 149/618/165 150/619/165 161/620/165 160/621/165
f 150/622/166 151/623/166 162/624/166 161/625/166
f 151/626/167 152/627/167 163/628/167 162/629/167
f 163/630/168 152/631/168 63/632/168
f 153/633/169 164/634/169 64/635/169
f 153/636/170 154/637/170 165/638/170 164/639/170
f 154/640/171 155/641/171 166/642/171 165/643/171
f 155/644/172 156/645/172 167/646/172 166/647/172
f 156/648/173 157/649/173 168/650/173 167/651/173
f 157/652/174 158/653/174 169/654/174 168/655/174
f 158/656/175 159/657/175 170/658/175 169/659/175
f 159/660/176 160/661/176 171/662/176 170/663/176
f 160/664/177 161/665/177 172/666/177 171/667/177
f 161/668/178 162/669/178 173/670/178 172/671/178
f 162/672/179 163/673/179 174/674/179 173/675/179
f 174/676/180 163/677/180 63/678/180
f 164/679/181 175/680/181 64/681/181
f 164/682/182 165/683/182 176/684/182 175/685/182
f 165/686/183 166/687/183 177/688/183 176/689/183
f 166/690/184 167/691/184 178/692/184 177/693/184
f 167/694/185 168/695/185 179/696/185 178/697/185
f 168/698/186 169/699/186 180/700/186 179/701/186
f 169/702/187 170/703/187 181/704/187 180/705/187
f 170/706/188 171/707/188 182/708/188 181/709/188
f 171/710/189 172/711/189 183/712/189 182/713/189
f 172/714/190 173/715/190 184/716/190 183/717/190
f 173/718/191 174/719/191 185/720/191 184/721/191
f 185/722/192 174/723/192 63/724/192
f 175/725/193 186/726/193 64/727/193
f 175/728/194 176/729/194 187/730/194 186/731/194
f 176/732/195 177/733/195 188/734/195 187/735/195
f 177/736/196 178/737/196 189/738/196 188/739/196
f 178/740/197 179/741/197 190/742/197 189/743/197
f 179/744/198 180/745/198 191/746/198 190/747/198
f 180/748/199 181/749/199 192/750/199 191/751/199
f 181/752/200 182/753/200 193/754/200 192/755/200
f 182/756/201 183/757/201 194/758/201 193/759/201
f 183/760/202 184/761/202 195/762/202 194/763/202
f 184/764/203 185/765/203 196/766/203 195/767/203
f 196/768/204 185/769/204 63/770/204
f 186/771/205 197/772/205 64/773/205
f 186/774/206 187/775/206 198/776/206 197/777/206
f 187/778/207 188/779/207 199/780/207 198/781/207
f 188/782/208 189/783/208 200/784/208 199/785/208
f 189/786/209 190/787/209 201/788/209 200/789/209
f 190/790/210 191/791/210 202/792/210 201/793/210
f 191/794/211 192/795/211 203/796/211 202/797/211
f 192/798/212 193/799/212 204/800/212 203/801/212
f 193/802/213 194/803/213 205/804/213 204/805/213
f 194/806/214 195/807/214 206/808/214 205/809/214
f 195/810/215 196/811/215 207/812/215 206/813/215
f 207/814/216 196/815/216 63/816/216
f 197/817/217 208/818/217 64/819/217
f 197/820/218 198/821/218 209/822/218 208/823/218
f 198/824/219 199/825/219 210/826/219 209/827/219
f 199/828/220 200/829/220 211/830/220 210/831/220
f 200/832/221 201/833/221 212/834/221 211/835/221
f 201/836/222 202/837/222 213/838/222 212/839/222
f 202/840/223 203/841/223 214/842/223 213/843/223
f 203/844/224 204/845/224 215/846/224 214/847/224
f 204/848/225 205/849/225 216/850/225 215/851/225
f 205/852/226 206/853/226 217/854/226 216/855/226
f 206/856/227 207/857/227 218/858/227 217/859/227
f 218/860/228 207/861/228 63/862/228
f 208/863/229 219/864/229 64/865/229
f 208/866/230 209/867/230 220/868/230 219/869/230
f 209/870/231 210/871/231 221/872/231 220/873/231
f 210/874/232 211/875/232 222/876/232 221/877/232
f 211/878/233 212/879/233 223/880/233 222/881/233
f 212/882/234 213/883/234 224/884/234 223/885/234
f 213/886/235 214/887/235 225/888/235 224/889/235
f 214/890/236 215/891/236 226/892/236 225/893/236
f 215/894/237 216/895/237 227/896/237 226/897/237
f 216/898/238 217/899/238 228/900/238 227/901/238
f 217/902/239 218/903/239 229/904/239 228/905/239
f 229/906/240 218/907/240 63/908/240
f 219/909/241 230/910/241 64/911/241
f 219/912/242 220/913/242 231/914/242 230/915/242
f 220/916/243 221/917/243 232/918/243 231/919/243
f 221/920/244 222/921/244 233/922/244 232/923/244
f 222/924/245 223/925/245 234/926/245 233/927/245
f 223/928/246 224/929/246 235/930/246 234/931/246
f 224/932/247 225/933/247 236/934/247 235/935/247
f 225/936/248 226/937/248 237/938/248 236/939/248
f 226/940/249 227/941/249 238/942/249 237/943/249
f 227/944/250 228/945/250 239/946/250 238/947/250
f 228/948/251 229/949/251 240/950/251 239/951/251
f 240/952/252 229/953/252 63/954/252
f 230/955/253 241/956/253 64/957/253
f 230/958/254 231/959/254 242/960/254 241/961/254
f 231/962/255 232/963/255 243/964/255 242/965/255
f 232/966/256 233/967/256 244/968/256 243/969/256
f 233/970/257 234/971/257 245/972/257 244/973/257
f 234/974/258 235/975/258 246/976/258 245/977/258
f 235/978/259 236/979/259 247/980/259 246/981/259
f 236/982/260 237/983/260 248/984/260 247/985/260
f 237/986/261 238/987/261 249/988/261 248/989/261
f 238/990/262 239/991/262 250/992/262 249/993/262
f 239/994/263 240/995/263 251/996/263 250/997/263
f 251/998/264 240/999/264 63/1000/264
f 241/1001/265 252/1002/265 64/1003/265
f 241/1004/266 242/1005/266 253/1006/266 252/1007/266
f 242/1008/267 243/1009/267 254/1010/267 253/1011/267
f 243/1012/268 244/1013/268 255/1014/268 254/1015/268
f 244/1016/269 245/1017/269 256/1018/269 255/1019/269
f 245/1020/270 246/1021/270 257/1022/270 256/1023/270
f 246/1024/271 247/1025/271 258/1026/271 257/1027/271
f 247/1028/272 248/1029/272 259/1030/272 258/1031/272
f 248/1032/273 249/1033/273 260/1034/273 259/1035/273
f 249/1036/274 250/1037/274 261/1038/274 260/1039/274
f 250/1040/275 251/1041/275 262/1042/275 261/1043/275
f 262/1044/276 251/1045/276 63/1046/276
f 252/1047/277 263/1048/277 64/1049/277
f 252/1050/278 253/1051/278 264/1052/278 263/1053/278
f 253/1054/279 254/1055/279 265/1056/279 264/1057/279
f 254/1058/280 255/1059/280 266/1060/280 265/1061/280
f 255/1062/281 256/1063/281 267/1064/281 266/1065/281
f 256/1066/282 257/1067/282 268/1068/282 267/1069/282
f 257/1070/283 258/1071/283 269/1072/283 268/1073/283
f 258/1074/284 259/1075/284 270/1076/284 269/1077/284
f 259/1078/285 260/1079/285 271/1080/285 270/1081/285
f 260/1082/286 261/1083/286 272/1084/286 271/1085/286
f 261/1086/287 262/1087/287 273/1088/287 272/1089/287
f 273/1090/288 262/1091/288 63/1092/288
f 263/1093/289 274/1094/289 64/1095/289
f 263/1096/290 264/1097/290 275/1098/290 274/1099/290
f 264/1100/291 265/1101/291 276/1102/291 275/1103/291
f 265/1104/292 266/1105/292 277/1106/292 276/1107/292
f 266/1108/293 267/1109/293 278/1110/293 277/1111/293
f 267/1112/294 268/1113/294 279/1114/294 278/1115/294
f 268/1116/295 269/1117/295 280/1118/295 279/1119/295
f 269/1120/296 270/1121/296 281/1122/296 280/1123/296
f 270/1124/297 271/1125/297 282/1126/297 281/1127/297
f 271/1128/298 272/1129/298 283/1130/298 282/1131/298
f 272/1132/299 273/1133/299 284/1134/299 283/1135/299
f 284/1136/300 273/1137/300 63/1138/300
f 274/1139/301 285/1140/301 64/1141/301
f 274/1142/302 275/1143/302 286/1144/302 285/1145/302
f 275/1146/303 276/1147/303 287/1148/303 286/1149/303
f 276/1150/304 277/1151/304 288/1152/304 287/1153/304
f 277/1154/305 278/1155/305 289/1156/305 288/1157/305
f 278/1158/306 279/1159/306 290/1160/306 289/1161/306
f 279/1162/307 280/1163/307 291/1164/307 290/1165/307
f 280/1166/308 281/1167/308 292/1168/308 291/1169/308
f 281/1170/309 282/1171/309 293/1172/309 292/1173/309
f 282/1174/310 283/1175/310 294/1176/310 293/1177/310
f 283/1178/311 284/1179/311 295/1180/311 294/1181/311
f 295/1182/312 284/1183/312 63/1184/312
f 285/1185/313 296/1186/313 64/1187/313
f 285/1188/314 286/1189/314 297/1190/314 296/1191/314
f 286/1192/315 287/1193/315 298/1194/315 297/1195/315
f 287/1196/316 288/1197/316 299/1198/316 298/1199/316
f 288/1200/317 289/1201/317 300/1202/317 299/1203/317
f 289/1204/318 290/1205/318 301/1206/318 300/1207/318
f 290/1208/319 291/1209/319 302/1210/319 301/1211/319
f 291/1212/320 292/1213/320 303/1214/320 302/1215/320
f 292/1216/321 293/1217/321 304/1218/321 303/1219/321
f 293/1220/322 294/1221/322 305/1222/322 304/1223/322
f 294/1224/323 295/1225/323 306/1226/323 305/1227/323
f 306/1228/324 295/1229/324 63/1230/324
f 296/1231/325 307/1232/325 64/1233/325
f 296/1234/326 297/1235/326 308/1236/326 307/1237/326
f 297/1238/327 298/1239/327 309/1240/327 308/1241/327
f 298/1242/328 299/1243/328 310/1244/328 309/1245/328
f 299/1246/329 300/1247/329 311/1248/329 310/1249/329
f 300/1250/330 301/1251/330 312/1252/330 311/1253/330
f 301/1254/331 302/1255/331 313/1256/331 312/1257/331
f 302/1258/332 303/1259/332 314/1260/332 313/1261/332
f 303/1262/333 304/1263/333 315/1264/333 314/1265/333
f 304/1266/334 305/1267/334 316/1268/334 315/1269/334
f 305/1270/335 306/1271/335 317/1272/335 316/1273/335
f 317/1274/336 306/1275/336 63/1276/336
f 307/1277/337 318/1278/337 64/1279/337
f 307/1280/338 308/1281/338 319/1282/338 318/1283/338
f 308/1284/339 309/1285/339 320/1286/339 319/1287/339
f 309/1288/340 310/1289/340 321/1290/340 320/1291/340
f 310/1292/341 311/1293/341 322/1294/341 321/1295/341
f 311/1296/342 312/1297/342 323/1298/342 322/1299/342
f 312/1300/343 313/1301/343 324/1302/343 323/1303/343
f 313/1304/344 314/1305/344 325/1306/344 324/1307/344
f 314/1308/345 315/1309/345 326/1310/345 325/1311/345
f 315/1312/346 316/1313/346 327/1314/346 326/1315/346
f 316/1316/347 317/1317/347 328/1318/347 327/1319/347
f 328/1320/348 317/1321/348 63/1322/348
f 318/1323/349 65/1324/349 64/1325/349
f 318/1326/350 319/1327/350 66/1328/350 65/1329/350
f 319/1330/351 320/1331/351 67/1332/351 66/1333/351
f 320/1334/352 321/1335/352 68/1336/352 67/1337/352
f 321/1338/353 322/1339/353 69/1340/353 68/1341/353
f 322/1342/354 323/1343/354 70/1344/354 69/1345/354
f 323/1346/355 324/1347/355 71/1348/355 70/1349/355
f 324/1350/356 325/1351/356 72/1352/356 71/1353/356
f 325/1354/357 326/1355/357 73/1356/357 72/1357/357
f 326/1358/358 327/1359/358 74/1360/358 73/1361/358
f 327/1362/359 328/1363/359 75/1364/359 74/1365/359
f 75/1366/360 328/1367/360 63/1368/360